"STATION","DATE","LATITUDE","LONGITUDE","ELEVATION","NAME","TEMP","TEMP_ATTRIBUTES","DEWP","DEWP_ATTRIBUTES","SLP","SLP_ATTRIBUTES","STP","STP_ATTRIBUTES","VISIB","VISIB_ATTRIBUTES","WDSP","WDSP_ATTRIBUTES","MXSPD","GUST","MAX","MAX_ATTRIBUTES","MIN","MIN_ATTRIBUTES","PRCP","PRCP_ATTRIBUTES","SNDP","FRSHTT"
"56294099999","2003-01-01","30.578528","103.947086","495.3","SHUANGLIU, CH","  40.3","24","  35.4","24","1028.8"," 8","966.2"," 4","  1.3","24","  2.2","24","  5.8","999.9","  43.5"," ","  33.8","*"," 0.00","G","999.9","110000"
"56294099999","2003-01-02","30.578528","103.947086","495.3","SHUANGLIU, CH","  43.2","22","  36.0","22","1033.7"," 8","971.2"," 4","  2.7","22","  1.6","22","  3.9","999.9","  51.8","*","  33.8","*"," 0.00","G","999.9","100000"
"56294099999","2003-01-03","30.578528","103.947086","495.3","SHUANGLIU, CH","  40.8","23","  37.5","23","1031.3"," 9","968.8"," 4","  1.3","23","  1.6","23","  5.8","999.9","  45.5"," ","  32.0","*"," 0.02","G","999.9","110000"
"56294099999","2003-01-04","30.578528","103.947086","495.3","SHUANGLIU, CH","  41.0","24","  38.2","24","1032.5"," 7","969.7"," 4","  1.1","24","  1.5","24","  3.9","999.9","  47.5"," ","  32.9"," "," 0.00","G","999.9","110000"
"56294099999","2003-01-05","30.578528","103.947086","495.3","SHUANGLIU, CH","  39.0","24","  36.0","24","1035.2"," 8","972.3"," 4","  1.4","24","  2.7","24","  7.8","999.9","  44.2"," ","  33.8","*"," 0.04","G","999.9","110000"
"56294099999","2003-01-06","30.578528","103.947086","495.3","SHUANGLIU, CH","  38.1","24","  36.4","24","1032.0"," 8","969.1"," 4","  0.6","24","  2.3","24","  5.8","999.9","  41.5"," ","  33.8","*"," 0.03","G","999.9","100000"
"56294099999","2003-01-07","30.578528","103.947086","495.3","SHUANGLIU, CH","  38.5","24","  35.9","24","1030.3"," 8","967.7"," 4","  0.7","24","  1.4","24","  1.9","999.9","  40.3"," ","  36.5"," "," 0.00","G","999.9","110000"
"56294099999","2003-01-08","30.578528","103.947086","495.3","SHUANGLIU, CH","  40.1","18","  36.9","18","1027.9"," 7","999.9"," 0","  1.1","18","  1.9","18","  3.9","999.9","  43.0"," ","  35.1","*"," 0.00","G","999.9","110000"
"56294099999","2003-01-09","30.578528","103.947086","495.3","SHUANGLIU, CH","  39.6","24","  33.0","24","1030.2"," 7","967.6"," 4","  3.3","24","  1.6","24","  5.8","999.9","  55.4","*","  30.2","*"," 0.00","G","999.9","100000"
"56294099999","2003-01-10","30.578528","103.947086","495.3","SHUANGLIU, CH","  45.4","23","  37.7","23","1030.0"," 8","967.8"," 4","  1.9","22","  2.0","23","  3.9","999.9","  53.6","*","  32.7"," "," 0.00","D","999.9","100000"
"56294099999","2003-01-11","30.578528","103.947086","495.3","SHUANGLIU, CH","  46.4","22","  37.5","21","1028.3"," 8","966.8"," 4","  3.2","21","  1.5","22","  5.8","999.9","  57.2","*","  37.4","*"," 0.00","D","999.9","000000"
"56294099999","2003-01-12","30.578528","103.947086","495.3","SHUANGLIU, CH","  43.5","24","  36.6","24","1025.8"," 8","964.4"," 4","  1.3","24","  1.1","24","  3.9","999.9","  57.9"," ","  32.0","*"," 0.00","D","999.9","100000"
"56294099999","2003-01-13","30.578528","103.947086","495.3","SHUANGLIU, CH","  45.9","24","  40.7","24","1024.6"," 8","962.9"," 4","  0.8","24","  1.5","24","  3.9","999.9","  55.6"," ","  33.8","*"," 0.00","D","999.9","100000"
"56294099999","2003-01-14","30.578528","103.947086","495.3","SHUANGLIU, CH","  48.1","23","  42.2","23","1027.8"," 8","966.0"," 4","  1.0","23","  1.9","23","  5.8","999.9","  55.4","*","  41.0","*"," 0.00","G","999.9","110000"
"56294099999","2003-01-15","30.578528","103.947086","495.3","SHUANGLIU, CH","  46.6","24","  41.6","24","1026.4"," 8","965.3"," 4","  1.8","24","  1.0","24","  3.9","999.9","  55.4","*","  41.0","*"," 0.00","G","999.9","100000"
"56294099999","2003-01-16","30.578528","103.947086","495.3","SHUANGLIU, CH","  46.6","21","  42.3","21","1024.4"," 8","962.9"," 4","  1.2","21","  2.2","21","  7.8","999.9","  50.0","*","  41.0","*"," 0.00","D","999.9","000000"
"56294099999","2003-01-17","30.578528","103.947086","495.3","SHUANGLIU, CH","  46.6","24","  41.8","24","1026.2"," 8","964.5"," 4","  1.1","24","  1.4","24","  3.9","999.9","  57.2","*","  35.6","*"," 0.00","D","999.9","100000"
"56294099999","2003-01-18","30.578528","103.947086","495.3","SHUANGLIU, CH","  46.1","24","  42.4","24","1028.7"," 8","967.5"," 4","  0.9","24","  1.5","24","  5.8","999.9","  59.5"," ","  35.6","*"," 0.00","D","999.9","100000"
"56294099999","2003-01-19","30.578528","103.947086","495.3","SHUANGLIU, CH","  45.7","24","  44.5","24","1023.1"," 8","961.7"," 4","  0.3","24","  2.1","24","  3.9","999.9","  49.6"," ","  42.3"," "," 0.00","D","999.9","100000"
"56294099999","2003-01-20","30.578528","103.947086","495.3","SHUANGLIU, CH","  48.4","23","  45.4","23","1020.1"," 8","959.7"," 4","  0.4","23","  2.3","23","  3.9","999.9","  60.8","*","  42.8","*"," 0.00","D","999.9","100000"
"56294099999","2003-01-21","30.578528","103.947086","495.3","SHUANGLIU, CH","  46.6","22","  43.8","22","1017.7"," 8","956.3"," 4","  0.7","22","  2.4","22","  5.8","999.9","  53.1"," ","  37.4","*"," 0.00","D","999.9","110000"
"56294099999","2003-01-22","30.578528","103.947086","495.3","SHUANGLIU, CH","  49.3","24","  39.2","24","1019.6"," 8","959.6"," 4","  3.0","23","  1.3","24","  5.8","999.9","  64.4","*","  39.2","*"," 0.00","D","999.9","100000"
"56294099999","2003-01-23","30.578528","103.947086","495.3","SHUANGLIU, CH","  48.4","24","  39.5","24","1013.5"," 8","953.2"," 4","  2.9","24","  2.1","24","  3.9","999.9","  53.8"," ","  42.6"," "," 0.00","D","999.9","000000"
"56294099999","2003-01-24","30.578528","103.947086","495.3","SHUANGLIU, CH","  49.9","24","  41.6","24","1013.3"," 8","952.5"," 4","  3.4","24","  4.4","24","  9.7","999.9","  55.4","*","  44.6","*"," 0.00","D","999.9","010000"
"56294099999","2003-01-25","30.578528","103.947086","495.3","SHUANGLIU, CH","  48.1","24","  38.3","24","1018.4"," 7","999.9"," 0","  4.8","23","  3.8","24","  9.7","999.9","  53.6","*","  44.6","*"," 0.00","D","999.9","010000"
"56294099999","2003-01-26","30.578528","103.947086","495.3","SHUANGLIU, CH","  44.4","24","  32.1","24","1030.7"," 8","968.1"," 4","  7.1","24","  4.9","24"," 11.7","999.9","  50.2"," ","  33.8","*"," 0.00","G","999.9","010000"
"56294099999","2003-01-27","30.578528","103.947086","495.3","SHUANGLIU, CH","  43.7","24","  25.3","24","1031.8"," 8","970.0"," 4","  7.1","24","  2.1","24","  5.8","999.9","  51.4"," ","  34.9"," "," 0.00","G","999.9","000000"
"56294099999","2003-01-28","30.578528","103.947086","495.3","SHUANGLIU, CH","  43.6","23","  31.5","23","1028.5"," 8","966.8"," 4","  4.9","22","  1.3","23","  3.9","999.9","  48.2","*","  38.1"," "," 0.00","D","999.9","000000"
"56294099999","2003-01-29","30.578528","103.947086","495.3","SHUANGLIU, CH","  43.5","24","  32.0","24","1023.1"," 8","961.8"," 4","  4.2","23","  1.5","24","  3.9","999.9","  48.2","*","  39.2","*"," 0.00","D","999.9","000000"
"56294099999","2003-01-30","30.578528","103.947086","495.3","SHUANGLIU, CH","  40.3","21","  35.5","21","1022.2"," 8","960.1"," 4","  2.2","21","  2.7","21","  5.8","999.9","  42.8","*","  35.6","*"," 0.00","G","999.9","110000"
"56294099999","2003-01-31","30.578528","103.947086","495.3","SHUANGLIU, CH","  44.3","24","  38.5","24","1026.9"," 8","964.6"," 4","  2.4","24","  1.1","24","  3.9","999.9","  50.2"," ","  37.4"," "," 0.00","G","999.9","100000"
"56294099999","2003-02-01","30.578528","103.947086","495.3","SHUANGLIU, CH","  44.9","23","  39.9","23","1029.3"," 8","967.3"," 4","  1.3","23","  1.5","23","  3.9","999.9","  48.2","*","  40.1"," "," 0.00","D","999.9","100000"
"56294099999","2003-02-02","30.578528","103.947086","495.3","SHUANGLIU, CH","  45.5","24","  40.3","24","1030.3"," 8","968.1"," 4","  2.8","24","  1.9","24","  5.8","999.9","  48.7"," ","  42.8","*"," 0.00","D","999.9","010000"
"56294099999","2003-02-03","30.578528","103.947086","495.3","SHUANGLIU, CH","  46.9","24","  37.1","24","1031.8"," 8","970.0"," 4","  4.7","24","  2.4","24","  7.8","999.9","  57.6"," ","  35.6","*"," 0.00","D","999.9","000000"
"56294099999","2003-02-04","30.578528","103.947086","495.3","SHUANGLIU, CH","  48.7","23","  32.3","23","1031.6"," 8","970.1"," 4","  6.7","22","  1.9","23","  5.8","999.9","  60.8","*","  35.6","*"," 0.00","D","999.9","000000"
"56294099999","2003-02-05","30.578528","103.947086","495.3","SHUANGLIU, CH","  49.7","24","  39.9","24","1028.7"," 8","967.7"," 4","  3.8","24","  3.0","24","  5.8","999.9","  58.1"," ","  39.2","*"," 0.00","G","999.9","010000"
"56294099999","2003-02-06","30.578528","103.947086","495.3","SHUANGLIU, CH","  48.5","23","  42.0","23","1021.2"," 8","960.8"," 4","  3.0","23","  1.4","23","  1.9","999.9","  55.4","*","  37.4","*"," 0.00","G","999.9","010000"
"56294099999","2003-02-07","30.578528","103.947086","495.3","SHUANGLIU, CH","  51.3","24","  42.9","24","1013.0"," 8","953.0"," 4","  4.0","23","  2.3","24","  5.8","999.9","  59.4"," ","  39.2","*"," 0.00","D","999.9","100000"
"56294099999","2003-02-08","30.578528","103.947086","495.3","SHUANGLIU, CH","  49.6","22","  44.1","22","1010.0"," 8","950.0"," 4","  2.5","22","  2.8","22","  5.8","999.9","  53.6","*","  46.4","*"," 0.00","D","999.9","000000"
"56294099999","2003-02-09","30.578528","103.947086","495.3","SHUANGLIU, CH","  55.9","24","  42.4","24","1013.7"," 8","953.6"," 4","  5.8","23","  4.3","24","  7.8","999.9","  64.8"," ","  48.2","*"," 0.00","D","999.9","000000"
"56294099999","2003-02-10","30.578528","103.947086","495.3","SHUANGLIU, CH","  51.2","24","  37.5","24","1020.6"," 8","959.7"," 4","  6.8","24","  5.6","24"," 11.7","999.9","  57.2","*","  46.4","*"," 0.00","D","999.9","000000"
"56294099999","2003-02-11","30.578528","103.947086","495.3","SHUANGLIU, CH","  48.5","23","  36.4","23","1025.8"," 8","964.5"," 4","  7.3","23","  4.6","23","  9.7","999.9","  54.7"," ","  42.8","*"," 0.07","G","999.9","010000"
"56294099999","2003-02-12","30.578528","103.947086","495.3","SHUANGLIU, CH","  46.5","24","  39.9","24","1025.2"," 8","964.2"," 4","  5.5","22","  2.4","24","  3.9","999.9","  51.8","*","  42.8","*"," 0.00","G","999.9","010000"
"56294099999","2003-02-13","30.578528","103.947086","495.3","SHUANGLIU, CH","  44.2","24","  41.1","24","1021.1"," 8","959.8"," 4","  2.1","24","  2.8","24","  5.8","999.9","  46.2"," ","  42.8","*"," 0.00","G","999.9","010000"
"56294099999","2003-02-14","30.578528","103.947086","495.3","SHUANGLIU, CH","  47.3","24","  42.0","24","1019.5"," 8","958.5"," 4","  2.0","24","  1.6","24","  5.8","999.9","  51.8","*","  44.1"," "," 0.00","G","999.9","010000"
"56294099999","2003-02-15","30.578528","103.947086","495.3","SHUANGLIU, CH","  50.5","23","  41.6","23","1019.2"," 8","958.5"," 4","  4.6","22","  1.9","23","  3.9","999.9","  57.9"," ","  42.8","*"," 0.00","G","999.9","000000"
"56294099999","2003-02-16","30.578528","103.947086","495.3","SHUANGLIU, CH","  48.2","21","  43.0","21","1020.4"," 8","959.5"," 4","  4.3","21","  4.4","21"," 11.7","999.9","  55.4","*","  44.6","*"," 0.00","G","999.9","010000"
"56294099999","2003-02-17","30.578528","103.947086","495.3","SHUANGLIU, CH","  48.5","21","  44.4","21","1020.5"," 7","999.9"," 0","  3.4","21","  2.6","21","  5.8","999.9","  51.8","*","  44.6","*"," 0.00","G","999.9","000000"
"56294099999","2003-02-18","30.578528","103.947086","495.3","SHUANGLIU, CH","  47.5","24","  43.5","24","1021.8"," 8","960.6"," 4","  2.1","24","  2.3","24","  5.8","999.9","  53.6","*","  37.4","*"," 0.00","D","999.9","100000"
"56294099999","2003-02-19","30.578528","103.947086","495.3","SHUANGLIU, CH","  52.1","24","  45.9","24","1019.2"," 8","959.4"," 4","  4.4","24","  1.9","24","  5.8","999.9","  64.9"," ","  41.0","*"," 0.00","D","999.9","100000"
"56294099999","2003-02-20","30.578528","103.947086","495.3","SHUANGLIU, CH","  53.8","23","  47.3","23","1005.1"," 8","945.9"," 4","  2.8","23","  2.9","23","  3.9","999.9","  59.5"," ","  47.7"," "," 0.00","D","999.9","100000"
"56294099999","2003-02-21","30.578528","103.947086","495.3","SHUANGLIU, CH","  58.5","22","  48.6","22","1009.9"," 7","950.3"," 4","  5.4","22","  3.3","22","  7.8","999.9","  69.8","*","  49.8"," "," 0.00","D","999.9","000000"
"56294099999","2003-02-22","30.578528","103.947086","495.3","SHUANGLIU, CH","  59.2","19","  42.0","19","1011.9"," 7","952.8"," 4","  5.0","19","  2.9","19","  5.8","999.9","  69.8"," ","  46.4","*"," 0.00","D","999.9","000000"
"56294099999","2003-02-23","30.578528","103.947086","495.3","SHUANGLIU, CH","  58.5","18","  47.2","18","1015.2"," 6","999.9"," 0","  3.3","18","  2.3","18","  5.8","999.9","  66.2","*","  48.2","*"," 0.00","B","999.9","000000"
"56294099999","2003-02-24","30.578528","103.947086","495.3","SHUANGLIU, CH","  61.6","23","  47.7","23","1010.8"," 8","952.1"," 4","  4.2","22","  2.6","23","  3.9","999.9","  70.7"," ","  52.3"," "," 0.00","D","999.9","000000"
"56294099999","2003-02-25","30.578528","103.947086","495.3","SHUANGLIU, CH","  57.4","23","  50.2","23","1013.9"," 8","954.3"," 4","  3.8","23","  3.4","23","  5.8","999.9","  63.0"," ","  51.8","*"," 0.00","G","999.9","010000"
"56294099999","2003-02-26","30.578528","103.947086","495.3","SHUANGLIU, CH","  57.5","24","  45.0","24","1015.4"," 8","955.9"," 4","  6.1","21","  4.2","24","  7.8","999.9","  64.4","*","  51.8","*"," 0.00","G","999.9","000000"
"56294099999","2003-02-27","30.578528","103.947086","495.3","SHUANGLIU, CH","  55.3","23","  48.1","23","1016.1"," 7","956.4"," 4","  3.6","23","  4.5","23","  9.7","999.9","  61.2"," ","  50.0","*"," 0.00","H","999.9","010000"
"56294099999","2003-02-28","30.578528","103.947086","495.3","SHUANGLIU, CH","  57.2","23","  47.9","23","1014.8"," 8","955.2"," 4","  5.3","20","  1.7","23","  3.9","999.9","  66.2","*","  50.7"," "," 0.00","G","999.9","000000"
"56294099999","2003-03-01","30.578528","103.947086","495.3","SHUANGLIU, CH","  54.7","23","  50.0","23","1010.3"," 7","950.7"," 4","  2.6","23","  5.2","23","  7.8","999.9","  59.0","*","  51.8","*"," 0.00","G","999.9","010000"
"56294099999","2003-03-02","30.578528","103.947086","495.3","SHUANGLIU, CH","  62.0","21","  51.1","21","1008.2"," 6","999.9"," 0","  3.9","20","  2.2","21","  3.9","999.9","  69.8","*","  51.8"," "," 0.00","B","999.9","000000"
"56294099999","2003-03-03","30.578528","103.947086","495.3","SHUANGLIU, CH","  55.0","24","  40.4","24","1010.3"," 8","951.1"," 4","  6.7","24","  8.8","24"," 13.6","999.9","  60.8","*","  48.0","*"," 0.00","D","999.9","000000"
"56294099999","2003-03-04","30.578528","103.947086","495.3","SHUANGLIU, CH","  43.8","23","  39.6","23","1011.6"," 8","950.6"," 4","  5.5","23","  9.1","23"," 15.5","999.9","  50.7"," ","  39.2","*"," 0.02","G","999.9","010000"
"56294099999","2003-03-05","30.578528","103.947086","495.3","SHUANGLIU, CH","  40.6","23","  32.4","23","1023.6"," 8","960.9"," 4","  6.7","23","  4.5","23","  9.7","999.9","  44.6","*","  32.0","*"," 0.00","G","999.9","010000"
"56294099999","2003-03-06","30.578528","103.947086","495.3","SHUANGLIU, CH","  48.1","23","  33.5","23","1027.0"," 7","999.9"," 0","  6.1","23","  2.8","23","  7.8","999.9","  55.4","*","  37.4"," "," 0.00","G","999.9","000000"
"56294099999","2003-03-07","30.578528","103.947086","495.3","SHUANGLIU, CH","  48.5","24","  35.0","24","1026.9"," 8","965.8"," 4","  4.9","23","  2.8","24","  5.8","999.9","  59.0","*","  33.8","*"," 0.00","D","999.9","000000"
"56294099999","2003-03-08","30.578528","103.947086","495.3","SHUANGLIU, CH","  49.7","24","  37.2","24","1027.2"," 8","966.0"," 4","  5.7","24","  3.9","24","  9.7","999.9","  57.2","*","  40.8"," "," 0.02","G","999.9","010000"
"56294099999","2003-03-09","30.578528","103.947086","495.3","SHUANGLIU, CH","  51.8","24","  40.6","24","1025.9"," 7","965.1"," 4","  4.2","22","  2.1","24","  5.8","999.9","  57.7"," ","  46.0"," "," 0.00","D","999.9","000000"
"56294099999","2003-03-10","30.578528","103.947086","495.3","SHUANGLIU, CH","  52.6","24","  42.0","24","1019.8"," 8","959.4"," 4","  3.7","23","  3.4","24","  9.7","999.9","  59.0","*","  48.2","*"," 0.00","G","999.9","010000"
"56294099999","2003-03-11","30.578528","103.947086","495.3","SHUANGLIU, CH","  52.3","24","  40.5","24","1025.0"," 8","963.9"," 4","  5.1","22","  4.0","24","  9.7","999.9","  59.0","*","  48.2","*"," 0.00","G","999.9","010000"
"56294099999","2003-03-12","30.578528","103.947086","495.3","SHUANGLIU, CH","  51.8","23","  41.4","23","1026.5"," 8","965.5"," 4","  6.2","23","  3.9","23","  5.8","999.9","  57.2","*","  48.2","*"," 0.00","G","999.9","010000"
"56294099999","2003-03-13","30.578528","103.947086","495.3","SHUANGLIU, CH","  48.0","24","  44.4","24","1022.7"," 8","962.1"," 4","  2.8","24","  3.7","24","  5.8","999.9","  50.7"," ","  46.4","*"," 0.07","G","999.9","010000"
"56294099999","2003-03-14","30.578528","103.947086","495.3","SHUANGLIU, CH","  49.7","24","  44.6","24","1017.6"," 8","957.3"," 4","  4.2","24","  3.0","24","  5.8","999.9","  54.3"," ","  46.4"," "," 0.00","G","999.9","010000"
"56294099999","2003-03-15","30.578528","103.947086","495.3","SHUANGLIU, CH","  48.6","24","  46.4","24","1012.0"," 8","951.6"," 4","  1.5","24","  2.7","24","  5.8","999.9","  50.7"," ","  46.4","*"," 0.07","G","999.9","110000"
"56294099999","2003-03-16","30.578528","103.947086","495.3","SHUANGLIU, CH","  50.5","24","  45.5","24","1017.5"," 8","956.6"," 4","  5.7","24","  3.0","24","  5.8","999.9","  54.7"," ","  48.0"," "," 0.04","G","999.9","010000"
"56294099999","2003-03-17","30.578528","103.947086","495.3","SHUANGLIU, CH","  52.2","22","  42.7","22","1023.6"," 8","962.6"," 4","  6.0","21","  2.6","22","  5.8","999.9","  57.2"," ","  48.2","*"," 0.02","G","999.9","000000"
"56294099999","2003-03-18","30.578528","103.947086","495.3","SHUANGLIU, CH","  48.0","22","  43.7","22","1026.9"," 7","999.9"," 0","  4.9","22","  3.6","22","  7.8","999.9","  52.9"," ","  44.6","*"," 0.00","G","999.9","010000"
"56294099999","2003-03-19","30.578528","103.947086","495.3","SHUANGLIU, CH","  51.5","16","  43.0","16","1023.8"," 8","963.2"," 4","  5.6","16","  3.0","16","  5.8","999.9","  58.8"," ","  41.0","*"," 0.00","G","999.9","110000"
"56294099999","2003-03-20","30.578528","103.947086","495.3","SHUANGLIU, CH","  58.2","23","  47.1","23","1020.6"," 8","960.8"," 4","  5.6","23","  2.4","23","  5.8","999.9","  68.4"," ","  44.2"," "," 0.00","G","999.9","100000"
"56294099999","2003-03-21","30.578528","103.947086","495.3","SHUANGLIU, CH","  55.7","23","  47.8","23","1022.2"," 7","962.2"," 4","  4.0","23","  2.9","23","  5.8","999.9","  64.4","*","  50.0","*"," 0.02","G","999.9","010000"
"56294099999","2003-03-22","30.578528","103.947086","495.3","SHUANGLIU, CH","  55.7","24","  49.1","24","1023.0"," 7","963.2"," 4","  3.1","24","  2.1","24","  5.8","999.9","  60.8","*","  51.4"," "," 0.02","D","999.9","000000"
"56294099999","2003-03-23","30.578528","103.947086","495.3","SHUANGLIU, CH","  52.7","24","  49.2","24","1023.5"," 8","963.1"," 4","  3.8","24","  3.0","24","  5.8","999.9","  61.3"," ","  44.6","*"," 0.26","G","999.9","110000"
"56294099999","2003-03-24","30.578528","103.947086","495.3","SHUANGLIU, CH","  57.8","24","  50.7","24","1017.9"," 8","958.4"," 4","  3.6","22","  2.9","24","  5.8","999.9","  68.0","*","  48.6"," "," 0.23","G","999.9","100000"
"56294099999","2003-03-25","30.578528","103.947086","495.3","SHUANGLIU, CH","  61.4","23","  52.2","23","1011.5"," 8","952.8"," 4","  3.5","21","  3.1","23","  9.7","999.9","  69.8","*","  52.2"," "," 0.00","G","999.9","000000"
"56294099999","2003-03-26","30.578528","103.947086","495.3","SHUANGLIU, CH","  65.4","24","  51.0","24","1016.0"," 8","956.9"," 4","  5.2","23","  2.8","24","  9.7","999.9","  80.6","*","  50.0","*"," 0.00","D","999.9","000000"
"56294099999","2003-03-27","30.578528","103.947086","495.3","SHUANGLIU, CH","  66.4","24","  52.5","24","1015.8"," 8","957.1"," 4","  6.4","22","  3.7","24"," 11.7","999.9","  78.3"," ","  53.6","*"," 0.09","G","999.9","010000"
"56294099999","2003-03-28","30.578528","103.947086","495.3","SHUANGLIU, CH","  67.7","22","  56.5","22","1011.3"," 8","953.6"," 4","  6.0","22","  3.1","22","  7.8","999.9","  80.6","*","  55.4","*"," 0.00","D","999.9","000000"
"56294099999","2003-03-29","30.578528","103.947086","495.3","SHUANGLIU, CH","  69.2","24","  58.3","24","1002.4"," 8","945.2"," 4","  4.5","23","  2.3","24","  3.9","999.9","  82.4","*","  57.2","*"," 0.00","D","999.9","000000"
"56294099999","2003-03-30","30.578528","103.947086","495.3","SHUANGLIU, CH","  71.7","23","  59.5","23"," 999.1"," 8","941.8"," 4","  3.3","21","  2.7","23","  5.8","999.9","  84.2"," ","  60.6"," "," 0.00","D","999.9","000000"
"56294099999","2003-03-31","30.578528","103.947086","495.3","SHUANGLIU, CH","  72.6","23","  62.8","23"," 999.6"," 8","942.5"," 4","  3.9","22","  3.7","23","  9.7","999.9","  82.4","*","  62.6","*"," 0.00","D","999.9","010010"
"56294099999","2003-04-01","30.578528","103.947086","495.3","SHUANGLIU, CH","  65.3","24","  59.4","24","1006.9"," 8","948.6"," 4","  6.2","24","  3.4","24","  7.8","999.9","  73.9"," ","  60.8","*"," 0.47","G","999.9","010010"
"56294099999","2003-04-02","30.578528","103.947086","495.3","SHUANGLIU, CH","  63.0","24","  53.8","24","1010.6"," 8","951.9"," 4","  5.6","24","  3.7","24","  5.8","999.9","  70.2"," ","  55.4","*"," 0.00","G","999.9","010000"
"56294099999","2003-04-03","30.578528","103.947086","495.3","SHUANGLIU, CH","  59.4","24","  51.5","24","1013.3"," 8","954.0"," 4","  5.2","23","  1.5","24","  3.9","999.9","  65.5"," ","  53.6","*"," 0.00","G","999.9","010000"
"56294099999","2003-04-04","30.578528","103.947086","495.3","SHUANGLIU, CH","  61.4","24","  53.7","24","1017.3"," 8","957.9"," 4","  4.4","24","  2.6","24","  5.8","999.9","  68.0"," ","  52.7"," "," 0.00","G","999.9","010000"
"56294099999","2003-04-05","30.578528","103.947086","495.3","SHUANGLIU, CH","  59.0","24","  55.1","24","1014.2"," 8","955.3"," 4","  1.9","24","  3.2","24","  5.8","999.9","  62.6","*","  55.4","*"," 0.10","G","999.9","010000"
"56294099999","2003-04-06","30.578528","103.947086","495.3","SHUANGLIU, CH","  57.4","24","  54.3","24","1015.2"," 8","955.4"," 4","  2.2","24","  3.8","24","  7.8","999.9","  63.5"," ","  50.0","*"," 0.07","G","999.9","110000"
"56294099999","2003-04-07","30.578528","103.947086","495.3","SHUANGLIU, CH","  64.7","23","  53.9","23","1015.8"," 8","957.0"," 4","  5.5","23","  3.0","23","  5.8","999.9","  75.2","*","  53.4"," "," 0.19","G","999.9","110000"
"56294099999","2003-04-08","30.578528","103.947086","495.3","SHUANGLIU, CH","  62.3","24","  57.9","24","1016.4"," 8","957.5"," 4","  3.6","24","  2.1","24","  5.8","999.9","  68.0","*","  59.0","*"," 0.05","G","999.9","110000"
"56294099999","2003-04-09","30.578528","103.947086","495.3","SHUANGLIU, CH","  61.2","23","  58.0","23","1010.6"," 8","951.6"," 4","  2.5","23","  3.0","23","  5.8","999.9","  66.4"," ","  57.2","*"," 0.06","G","999.9","110000"
"56294099999","2003-04-10","30.578528","103.947086","495.3","SHUANGLIU, CH","  61.1","24","  56.6","24","1013.6"," 8","954.8"," 4","  3.8","24","  2.8","24","  7.8","999.9","  70.0"," ","  57.2","*"," 0.02","G","999.9","010000"
"56294099999","2003-04-11","30.578528","103.947086","495.3","SHUANGLIU, CH","  63.9","24","  55.5","24","1010.0"," 8","951.4"," 4","  4.6","23","  2.4","24","  5.8","999.9","  73.4","*","  58.5"," "," 0.00","D","999.9","000000"
"56294099999","2003-04-12","30.578528","103.947086","495.3","SHUANGLIU, CH","  61.5","24","  54.7","24","1012.0"," 8","952.8"," 4","  4.7","22","  8.3","24"," 21.4","999.9","  72.7"," ","  50.0","*"," 0.63","G","999.9","010000"
"56294099999","2003-04-13","30.578528","103.947086","495.3","SHUANGLIU, CH","  53.9","21","  45.2","21","1023.4"," 8","963.2"," 4","  7.6","21","  3.5","21","  5.8","999.9","  65.3"," ","  44.6","*"," 0.05","G","999.9","010000"
"56294099999","2003-04-14","30.578528","103.947086","495.3","SHUANGLIU, CH","  59.8","23","  48.0","23","1016.5"," 8","957.3"," 4","  6.2","23","  2.9","23","  7.8","999.9","  69.8","*","  47.5"," "," 0.01","G","999.9","000000"
"56294099999","2003-04-15","30.578528","103.947086","495.3","SHUANGLIU, CH","  62.5","23","  53.2","23","1009.1"," 8","950.5"," 4","  4.1","21","  2.7","23","  3.9","999.9","  71.1"," ","  52.0"," "," 0.00","G","999.9","000000"
"56294099999","2003-04-16","30.578528","103.947086","495.3","SHUANGLIU, CH","  65.7","24","  57.6","24","1003.5"," 7","945.5"," 4","  3.2","21","  1.9","24","  3.9","999.9","  73.9"," ","  57.4"," "," 0.00","D","999.9","000000"
"56294099999","2003-04-17","30.578528","103.947086","495.3","SHUANGLIU, CH","  72.1","21","  61.0","21","1003.0"," 8","945.2"," 4","  3.8","21","  5.5","21"," 11.7","999.9","  80.6"," ","  59.0","*"," 0.00","G","999.9","010010"
"56294099999","2003-04-18","30.578528","103.947086","495.3","SHUANGLIU, CH","  56.4","24","  52.9","24","1012.8"," 8","953.6"," 4","  3.5","24","  3.2","24","  7.8","999.9","  71.2"," ","  50.0","*"," 0.36","G","999.9","010000"
"56294099999","2003-04-19","30.578528","103.947086","495.3","SHUANGLIU, CH","  65.6","23","  55.3","23","1009.6"," 8","950.9"," 4","  5.7","23","  3.9","23","  7.8","999.9","  72.1"," ","  53.1"," "," 0.30","G","999.9","000000"
"56294099999","2003-04-20","30.578528","103.947086","495.3","SHUANGLIU, CH","  63.8","24","  56.8","24","1012.0"," 8","953.4"," 4","  5.0","24","  3.1","24","  5.8","999.9","  68.7"," ","  59.0","*"," 0.00","G","999.9","000000"
"56294099999","2003-04-21","30.578528","103.947086","495.3","SHUANGLIU, CH","  61.2","24","  57.9","24","1010.9"," 8","951.7"," 4","  3.8","24","  4.9","24","  9.7","999.9","  66.2","*","  59.0","*"," 0.01","G","999.9","010000"
"56294099999","2003-04-22","30.578528","103.947086","495.3","SHUANGLIU, CH","  64.5","23","  56.0","23","1015.7"," 8","956.5"," 4","  6.0","23","  2.6","23","  5.8","999.9","  70.3"," ","  59.0","*"," 0.00","D","999.9","000000"
"56294099999","2003-04-23","30.578528","103.947086","495.3","SHUANGLIU, CH","  65.2","24","  51.3","24","1016.5"," 8","957.4"," 4","  5.0","22","  4.7","24","  7.8","999.9","  75.2","*","  55.4","*"," 0.15","G","999.9","010000"
"56294099999","2003-04-24","30.578528","103.947086","495.3","SHUANGLIU, CH","  64.4","24","  53.3","24","1014.3"," 8","955.9"," 4","  6.1","24","  3.0","24","  5.8","999.9","  75.4"," ","  55.4","*"," 0.00","C","999.9","000000"
"56294099999","2003-04-25","30.578528","103.947086","495.3","SHUANGLIU, CH","  68.9","24","  56.5","24","1010.5"," 8","952.1"," 4","  5.5","24","  2.4","24","  5.8","999.9","  78.8","*","  57.4"," "," 0.00","D","999.9","000000"
"56294099999","2003-04-26","30.578528","103.947086","495.3","SHUANGLIU, CH","  70.5","24","  56.9","24","1012.4"," 7","954.3"," 4","  4.5","24","  4.4","24","  9.7","999.9","  78.8"," ","  62.6"," "," 0.00","G","999.9","000000"
"56294099999","2003-04-27","30.578528","103.947086","495.3","SHUANGLIU, CH","  72.1","23","  58.1","23","1012.1"," 8","954.5"," 4","  6.0","22","  2.0","23","  3.9","999.9","  82.4","*","  63.5"," "," 0.00","G","999.9","000000"
"56294099999","2003-04-28","30.578528","103.947086","495.3","SHUANGLIU, CH","  67.1","23","  60.4","23","1016.8"," 8","957.8"," 4","  4.3","23","  4.8","23","  7.8","999.9","  74.5"," ","  60.8","*"," 0.26","G","999.9","010000"
"56294099999","2003-04-29","30.578528","103.947086","495.3","SHUANGLIU, CH","  68.6","21","  56.3","21","1024.3"," 7","965.5"," 4","  6.3","20","  2.8","21","  7.8","999.9","  78.8","*","  57.2","*"," 0.00","C","999.9","000000"
"56294099999","2003-04-30","30.578528","103.947086","495.3","SHUANGLIU, CH","  71.7","24","  53.5","24","1016.6"," 8","959.3"," 4","  5.9","24","  3.2","24","  9.7","999.9","  84.2","*","  59.4"," "," 0.00","D","999.9","000000"
"56294099999","2003-05-01","30.578528","103.947086","495.3","SHUANGLIU, CH","  74.1","23","  53.7","23","1005.3"," 8","948.6"," 4","  5.3","20","  3.1","23","  3.9","999.9","  84.2","*","  63.1"," "," 0.00","D","999.9","000000"
"56294099999","2003-05-02","30.578528","103.947086","495.3","SHUANGLIU, CH","  76.3","24","  57.4","24","1000.5"," 8","943.8"," 4","  5.8","23","  3.3","24","  7.8","999.9","  86.7"," ","  66.2","*"," 0.00","D","999.9","010000"
"56294099999","2003-05-03","30.578528","103.947086","495.3","SHUANGLIU, CH","  72.5","23","  63.2","23","1001.7"," 7","944.5"," 4","  4.3","20","  2.1","23","  5.8","999.9","  82.0"," ","  66.2","*"," 0.00","G","999.9","010000"
"56294099999","2003-05-04","30.578528","103.947086","495.3","SHUANGLIU, CH","  71.0","24","  64.7","24","1000.6"," 8","943.6"," 4","  2.6","24","  3.2","24","  5.8","999.9","  80.6","*","  66.2","*"," 0.33","G","999.9","110000"
"56294099999","2003-05-05","30.578528","103.947086","495.3","SHUANGLIU, CH","  66.1","23","  63.8","23"," 999.3"," 8","941.6"," 4","  4.6","23","  5.2","23","  9.7","999.9","  68.7"," ","  60.8","*"," 0.82","G","999.9","110010"
"56294099999","2003-05-06","30.578528","103.947086","495.3","SHUANGLIU, CH","  69.5","23","  61.6","23","1006.3"," 8","947.8"," 4","  6.9","23","  3.7","23","  7.8","999.9","  78.1"," ","  62.4"," "," 0.09","G","999.9","010000"
"56294099999","2003-05-07","30.578528","103.947086","495.3","SHUANGLIU, CH","  70.3","23","  55.5","23","1013.6"," 7","999.9"," 0","  7.8","23","  5.7","23","  7.8","999.9","  81.3"," ","  62.6","*"," 0.00","G","999.9","010000"
"56294099999","2003-05-08","30.578528","103.947086","495.3","SHUANGLIU, CH","  66.6","24","  53.0","24","1017.9"," 8","959.1"," 4","  7.0","21","  3.8","24","  7.8","999.9","  72.9"," ","  60.8","*"," 0.00","G","999.9","000000"
"56294099999","2003-05-09","30.578528","103.947086","495.3","SHUANGLIU, CH","  66.3","24","  55.2","24","1019.6"," 8","960.8"," 4","  6.1","24","  2.7","24","  7.8","999.9","  74.3"," ","  60.8","*"," 0.00","G","999.9","010000"
"56294099999","2003-05-10","30.578528","103.947086","495.3","SHUANGLIU, CH","  71.4","19","  58.2","19","1014.4"," 7","956.3"," 4","  5.8","19","  2.4","19","  5.8","999.9","  81.7"," ","  62.6"," "," 0.00","G","999.9","000000"
"56294099999","2003-05-11","30.578528","103.947086","495.3","SHUANGLIU, CH","  71.8","24","  61.2","24","1009.8"," 8","952.3"," 4","  4.6","24","  3.6","24","  9.7","999.9","  79.3"," ","  65.1"," "," 0.00","D","999.9","000000"
"56294099999","2003-05-12","30.578528","103.947086","495.3","SHUANGLIU, CH","  67.7","24","  62.4","24","1010.2"," 8","952.1"," 4","  2.5","24","  3.2","24","  7.8","999.9","  73.4","*","  64.4","*"," 0.00","G","999.9","110000"
"56294099999","2003-05-13","30.578528","103.947086","495.3","SHUANGLIU, CH","  71.5","23","  63.4","23","1009.1"," 8","951.2"," 4","  2.2","23","  2.3","23","  3.9","999.9","  78.8","*","  64.4","*"," 0.00","G","999.9","110000"
"56294099999","2003-05-14","30.578528","103.947086","495.3","SHUANGLIU, CH","  70.3","24","  62.4","24","1006.5"," 8","948.5","11","  2.9","24","  3.1","24","  5.8","999.9","  77.4"," ","  64.4","*"," 0.53","G","999.9","010010"
"56294099999","2003-05-15","30.578528","103.947086","495.3","SHUANGLIU, CH","  68.0","22","  61.8","22","1008.3"," 8","951.2","13","  6.6","22","  4.0","22"," 11.7","999.9","  73.4","*","  64.4","*"," 0.11","G","999.9","010000"
"56294099999","2003-05-16","30.578528","103.947086","495.3","SHUANGLIU, CH","  69.9","22","  61.9","22","1009.6"," 8","951.8","22","  6.8","22","  3.4","22","  7.8","999.9","  78.8"," ","  62.6","*"," 0.67","G","999.9","010000"
"56294099999","2003-05-17","30.578528","103.947086","495.3","SHUANGLIU, CH","  67.3","22","  62.7","22","1012.2"," 7","954.1","22","  3.6","22","  3.1","22","  5.8","999.9","  73.4"," ","  62.6","*"," 0.29","G","999.9","010000"
"56294099999","2003-05-18","30.578528","103.947086","495.3","SHUANGLIU, CH","  68.5","22","  61.3","22","1014.5"," 7","956.1","22","  5.7","22","  2.4","22","  5.8","999.9","  75.2","*","  62.6"," "," 0.31","G","999.9","010000"
"56294099999","2003-05-19","30.578528","103.947086","495.3","SHUANGLIU, CH","  69.1","24","  62.1","24","1016.4"," 8","958.2","24","  5.2","24","  2.7","24","  5.8","999.9","  73.9"," ","  63.9"," "," 0.01","G","999.9","010000"
"56294099999","2003-05-20","30.578528","103.947086","495.3","SHUANGLIU, CH","  63.0","22","  60.0","22","1016.1"," 8","957.4"," 4","  4.6","22","  5.4","22","  7.8","999.9","  66.6"," ","  59.0","*"," 0.20","G","999.9","010000"
"56294099999","2003-05-21","30.578528","103.947086","495.3","SHUANGLIU, CH","  67.7","24","  61.4","24","1014.8"," 8","956.0","24","  5.8","24","  2.5","24","  3.9","999.9","  75.6"," ","  59.4"," "," 0.05","G","999.9","010000"
"56294099999","2003-05-22","30.578528","103.947086","495.3","SHUANGLIU, CH","  69.3","23","  63.9","23","1011.0"," 7","952.7","23","  5.1","23","  2.4","23","  3.9","999.9","  75.2","*","  66.2","*"," 0.01","G","999.9","110000"
"56294099999","2003-05-23","30.578528","103.947086","495.3","SHUANGLIU, CH","  72.4","23","  65.3","23","1010.1"," 8","952.1","23","  2.9","23","  1.9","23","  5.8","999.9","  80.6","*","  66.2"," "," 0.00","D","999.9","100000"
"56294099999","2003-05-24","30.578528","103.947086","495.3","SHUANGLIU, CH","  77.7","22","  66.8","22","1008.8"," 8","951.2","22","  5.3","22","  2.7","22","  7.8","999.9","  86.0","*","  66.4"," "," 0.00","G","999.9","010000"
"56294099999","2003-05-25","30.578528","103.947086","495.3","SHUANGLIU, CH","  74.2","24","  66.2","24","1005.7"," 7","948.7","24","  4.0","23","  3.2","24","  5.8","999.9","  82.6"," ","  66.2","*"," 0.08","G","999.9","010000"
"56294099999","2003-05-26","30.578528","103.947086","495.3","SHUANGLIU, CH","  70.3","22","  65.0","22","1004.4"," 8","946.6","22","  5.3","22","  4.9","22","  7.8","999.9","  76.3"," ","  65.5"," "," 0.02","G","999.9","010000"
"56294099999","2003-05-27","30.578528","103.947086","495.3","SHUANGLIU, CH","  68.9","24","  65.3","23","1006.6"," 8","948.8","24","  3.8","24","  4.2","24","  7.8","999.9","  76.6"," ","  64.4","*"," 0.48","G","999.9","010000"
"56294099999","2003-05-28","30.578528","103.947086","495.3","SHUANGLIU, CH","  77.2","21","  66.8","21","1006.8"," 7","949.6","21","  7.0","21","  2.8","21","  3.9","999.9","  86.5"," ","  65.5"," "," 0.00","C","999.9","000000"
"56294099999","2003-05-29","30.578528","103.947086","495.3","SHUANGLIU, CH","  77.5","24","  69.6","24","1009.1"," 8","951.7","24","  5.3","24","  2.4","24","  5.8","999.9","  84.4"," ","  71.6"," "," 0.39","D","999.9","000000"
"56294099999","2003-05-30","30.578528","103.947086","495.3","SHUANGLIU, CH","  76.6","23","  70.2","23","1009.2"," 8","951.8","23","  3.5","23","  2.6","23","  5.8","999.9","  81.7"," ","  71.1"," "," 0.00","G","999.9","010000"
"56294099999","2003-05-31","30.578528","103.947086","495.3","SHUANGLIU, CH","  72.3","22","  68.7","22","1010.8"," 8","952.8","22","  3.6","22","  3.4","22","  7.8","999.9","  77.0"," ","  69.8","*"," 0.00","G","999.9","010000"
"56294099999","2003-06-01","30.578528","103.947086","495.3","SHUANGLIU, CH","  70.9","23","  68.8","23","1010.5"," 8","952.6","23","  2.0","23","  2.4","23","  5.8","999.9","  73.8"," ","  68.0","*"," 0.18","G","999.9","110000"
"56294099999","2003-06-02","30.578528","103.947086","495.3","SHUANGLIU, CH","  74.4","22","  68.9","22","1008.4"," 7","950.7","22","  4.2","22","  2.5","22","  5.8","999.9","  85.6"," ","  68.0","*"," 0.17","G","999.9","000000"
"56294099999","2003-06-03","30.578528","103.947086","495.3","SHUANGLIU, CH","  79.6","23","  67.8","23","1006.8"," 8","949.9","23","  6.9","22","  4.0","23","  7.8","999.9","  88.9"," ","  66.2","*"," 0.07","G","999.9","010000"
"56294099999","2003-06-04","30.578528","103.947086","495.3","SHUANGLIU, CH","  68.4","24","  65.1","24","1009.2"," 8","951.3","24","  6.7","24","  3.3","24","  7.8","999.9","  77.4"," ","  66.2","*"," 0.09","G","999.9","010000"
"56294099999","2003-06-05","30.578528","103.947086","495.3","SHUANGLIU, CH","  73.9","24","  67.6","24","1007.7"," 8","950.0","24","  4.8","23","  1.5","24","  5.8","999.9","  82.4","*","  67.3"," "," 0.01","G","999.9","000000"
"56294099999","2003-06-06","30.578528","103.947086","495.3","SHUANGLIU, CH","  73.4","24","  64.6","24","1006.7"," 8","949.0","24","  6.2","24","  4.5","24","  9.7","999.9","  80.6"," ","  66.2","*"," 0.00","G","999.9","010000"
"56294099999","2003-06-07","30.578528","103.947086","495.3","SHUANGLIU, CH","  67.7","24","  64.6","24","1008.2"," 8","950.2","24","  4.8","24","  1.9","24","  3.9","999.9","  72.0"," ","  64.4","*"," 0.09","G","999.9","110000"
"56294099999","2003-06-08","30.578528","103.947086","495.3","SHUANGLIU, CH","  75.6","22","  67.6","22","1005.5"," 8","948.0","22","  6.0","22","  2.9","22","  5.8","999.9","  84.0"," ","  64.0"," "," 0.00","G","999.9","110000"
"56294099999","2003-06-09","30.578528","103.947086","495.3","SHUANGLIU, CH","  75.5","24","  68.9","24","1004.8"," 8","947.8","24","  5.4","23","  3.2","24"," 11.7","999.9","  83.1"," ","  68.0","*"," 0.00","G","999.9","010000"
"56294099999","2003-06-10","30.578528","103.947086","495.3","SHUANGLIU, CH","  67.2","24","  61.2","24","1010.2"," 8","952.2","24","  6.0","24","  4.8","24"," 13.6","999.9","  73.9"," ","  60.8","*"," 0.02","G","999.9","110000"
"56294099999","2003-06-11","30.578528","103.947086","495.3","SHUANGLIU, CH","  74.1","24","  60.1","24","1008.5"," 8","950.6","24","  6.2","24","  4.0","24","  7.8","999.9","  84.7"," ","  61.5"," "," 0.01","G","999.9","110000"
"56294099999","2003-06-12","30.578528","103.947086","495.3","SHUANGLIU, CH","  64.9","23","  58.7","23","1010.6"," 8","952.3","23","  6.6","23","  4.1","23","  7.8","999.9","  73.2"," ","  59.0","*"," 0.02","G","999.9","010000"
"56294099999","2003-06-13","30.578528","103.947086","495.3","SHUANGLIU, CH","  69.7","24","  61.9","24","1011.8"," 8","953.5","24","  5.9","24","  2.3","24","  5.8","999.9","  78.3"," ","  61.2"," "," 0.00","D","999.9","000000"
"56294099999","2003-06-14","30.578528","103.947086","495.3","SHUANGLIU, CH","  72.7","24","  63.8","24","1010.3"," 8","952.4","24","  5.1","23","  3.5","24"," 11.7","999.9","  77.9"," ","  62.2"," "," 0.00","G","999.9","010000"
"56294099999","2003-06-15","30.578528","103.947086","495.3","SHUANGLIU, CH","  70.0","24","  61.6","24","1011.0"," 8","953.0","24","  7.1","24","  3.6","23","  7.8","999.9","  76.3"," ","  64.4","*"," 0.00","G","999.9","010000"
"56294099999","2003-06-16","30.578528","103.947086","495.3","SHUANGLIU, CH","  68.7","23","  62.5","23","1014.0"," 7","955.6","23","  5.2","23","  3.0","23","  5.8","999.9","  75.7"," ","  62.6","*"," 0.00","G","999.9","010000"
"56294099999","2003-06-17","30.578528","103.947086","495.3","SHUANGLIU, CH","  74.4","24","  65.4","24","1011.5"," 8","953.4","24","  5.5","24","  2.0","24","  5.8","999.9","  84.2","*","  64.2"," "," 0.00","G","999.9","000000"
"56294099999","2003-06-18","30.578528","103.947086","495.3","SHUANGLIU, CH","  77.0","24","  68.5","24","1006.1"," 8","948.7","24","  4.4","24","  2.0","24","  3.9","999.9","  86.7"," ","  67.3"," "," 0.00","D","999.9","000000"
"56294099999","2003-06-19","30.578528","103.947086","495.3","SHUANGLIU, CH","  77.5","24","  70.1","24","1002.0"," 8","945.0","24","  3.8","24","  1.9","24","  5.8","999.9","  84.2","*","  69.1"," "," 0.00","G","999.9","010000"
"56294099999","2003-06-20","30.578528","103.947086","495.3","SHUANGLIU, CH","  81.0","24","  72.1","24","1000.1"," 8","943.5","24","  3.8","23","  2.1","24","  9.7","999.9","  89.6","*","  71.4"," "," 0.17","G","999.9","010000"
"56294099999","2003-06-21","30.578528","103.947086","495.3","SHUANGLIU, CH","  76.7","23","  70.7","23","1000.5"," 8","943.9","23","  3.6","23","  1.6","23","  3.9","999.9","  82.8"," ","  72.5"," "," 0.03","G","999.9","010000"
"56294099999","2003-06-22","30.578528","103.947086","495.3","SHUANGLIU, CH","  80.5","22","  70.9","22","1002.1"," 8","945.4","22","  4.6","22","  2.9","22","  5.8","999.9","  91.4","*","  69.8","*"," 0.02","G","999.9","000000"
"56294099999","2003-06-23","30.578528","103.947086","495.3","SHUANGLIU, CH","  82.0","23","  73.1","23","1000.7"," 8","944.3","23","  3.6","23","  3.7","23","  9.7","999.9","  90.9"," ","  72.7"," "," 0.00","G","999.9","010000"
"56294099999","2003-06-24","30.578528","103.947086","495.3","SHUANGLIU, CH","  74.9","24","  70.0","24"," 998.1"," 8","941.0","23","  6.1","24","  5.1","23","  9.7","999.9","  82.0"," ","  69.8","*"," 0.65","G","999.9","010010"
"56294099999","2003-06-25","30.578528","103.947086","495.3","SHUANGLIU, CH","  73.8","22","  69.2","22"," 998.8"," 7","941.6","22","  7.0","22","  6.7","22"," 15.5","999.9","  80.6","*","  69.8","*"," 0.41","G","999.9","010010"
"56294099999","2003-06-26","30.578528","103.947086","495.3","SHUANGLIU, CH","  79.7","24","  68.5","24","1002.9"," 8","946.1","24","  6.9","24","  3.1","24","  7.8","999.9","  89.8"," ","  69.4"," "," 0.00","G","999.9","010000"
"56294099999","2003-06-27","30.578528","103.947086","495.3","SHUANGLIU, CH","  81.9","21","  68.2","21","1002.7"," 8","946.2","21","  7.1","21","  2.2","21","  5.8","999.9","  93.6"," ","  71.6","*"," 0.00","G","999.9","000000"
"56294099999","2003-06-28","30.578528","103.947086","495.3","SHUANGLIU, CH","  79.0","24","  69.5","24"," 999.9"," 8","943.2","24","  6.2","24","  4.8","24","  7.8","999.9","  89.6"," ","  69.8","*"," 0.20","G","999.9","010000"
"56294099999","2003-06-29","30.578528","103.947086","495.3","SHUANGLIU, CH","  72.1","24","  69.7","24","1000.2"," 8","943.0","24","  3.8","24","  4.0","24","  7.8","999.9","  75.4"," ","  69.3"," "," 0.05","G","999.9","010000"
"56294099999","2003-06-30","30.578528","103.947086","495.3","SHUANGLIU, CH","  77.7","24","  70.0","24","1001.9"," 8","944.8","24","  6.2","24","  2.6","24","  7.8","999.9","  86.7"," ","  70.7"," "," 0.02","G","999.9","010000"
"56294099999","2003-07-01","30.578528","103.947086","495.3","SHUANGLIU, CH","  76.9","24","  72.1","24","1002.2"," 8","945.4","24","  5.1","23","  3.9","24","  9.7","999.9","  84.2","*","  72.7"," "," 0.00","G","999.9","010000"
"56294099999","2003-07-02","30.578528","103.947086","495.3","SHUANGLIU, CH","  78.0","24","  72.9","24","1005.0"," 8","947.8","24","  5.3","24","  1.7","24","  3.9","999.9","  82.9"," ","  73.4","*"," 0.00","G","999.9","010000"
"56294099999","2003-07-03","30.578528","103.947086","495.3","SHUANGLIU, CH","  76.2","24","  71.8","24","1005.9"," 8","949.0","24","  4.8","24","  3.4","24","  7.8","999.9","  82.4","*","  69.8","*"," 0.02","G","999.9","010000"
"56294099999","2003-07-04","30.578528","103.947086","495.3","SHUANGLIU, CH","  77.7","24","  69.9","24","1005.8"," 8","948.8","24","  6.1","24","  3.5","24","  5.8","999.9","  86.5"," ","  69.8","*"," 0.00","G","999.9","010000"
"56294099999","2003-07-05","30.578528","103.947086","495.3","SHUANGLIU, CH","  81.2","24","  71.0","24","1005.5"," 8","948.6","24","  6.9","24","  3.5","24","  5.8","999.9","  90.1"," ","  70.7"," "," 0.00","G","999.9","000000"
"56294099999","2003-07-06","30.578528","103.947086","495.3","SHUANGLIU, CH","  81.5","24","  71.7","24","1004.1"," 8","947.6","24","  6.6","23","  3.2","24","  5.8","999.9","  91.4","*","  73.4","*"," 0.16","G","999.9","010000"
"56294099999","2003-07-07","30.578528","103.947086","495.3","SHUANGLIU, CH","  71.5","24","  68.9","24","1005.2"," 8","947.8","24","  4.3","24","  2.8","24","  7.8","999.9","  76.8"," ","  68.0","*"," 0.26","G","999.9","110000"
"56294099999","2003-07-08","30.578528","103.947086","495.3","SHUANGLIU, CH","  78.4","23","  70.3","23","1003.1"," 8","946.0","23","  5.3","23","  2.5","23","  5.8","999.9","  88.2"," ","  67.8"," "," 0.24","G","999.9","100000"
"56294099999","2003-07-09","30.578528","103.947086","495.3","SHUANGLIU, CH","  76.0","24","  70.9","24","1003.7"," 8","946.5","24","  4.8","24","  4.0","24","  9.7","999.9","  82.4"," ","  71.6","*"," 0.00","G","999.9","010000"
"56294099999","2003-07-10","30.578528","103.947086","495.3","SHUANGLIU, CH","  74.2","24","  68.9","24","1002.6"," 8","945.1","24","  5.2","24","  1.8","24","  5.8","999.9","  79.0"," ","  69.8","*"," 0.09","G","999.9","010000"
"56294099999","2003-07-11","30.578528","103.947086","495.3","SHUANGLIU, CH","  73.5","24","  70.1","24","1001.7"," 8","944.3","24","  4.1","24","  3.2","24"," 11.7","999.9","  77.9"," ","  69.8"," "," 0.08","G","999.9","010000"
"56294099999","2003-07-12","30.578528","103.947086","495.3","SHUANGLIU, CH","  76.5","24","  71.5","24","1001.9"," 8","944.7","24","  4.0","24","  1.7","24","  3.9","999.9","  82.2"," ","  71.2"," "," 0.00","G","999.9","000000"
"56294099999","2003-07-13","30.578528","103.947086","495.3","SHUANGLIU, CH","  77.4","22","  72.9","22","1001.4"," 8","944.2","22","  3.1","22","  3.0","22","  7.8","999.9","  82.4","*","  73.4","*"," 0.00","G","999.9","110000"
"56294099999","2003-07-14","30.578528","103.947086","495.3","SHUANGLIU, CH","  81.5","23","  74.7","23"," 999.6"," 8","943.0","23","  5.1","22","  3.9","23","  7.8","999.9","  90.1"," ","  72.1"," "," 0.23","G","999.9","010000"
"56294099999","2003-07-15","30.578528","103.947086","495.3","SHUANGLIU, CH","  81.6","24","  75.8","23"," 999.3"," 8","943.0","24","  4.7","24","  6.3","23"," 15.5","999.9","  91.4","*","  74.8"," "," 0.58","G","999.9","010010"
"56294099999","2003-07-16","30.578528","103.947086","495.3","SHUANGLIU, CH","  76.7","24","  72.3","24","1005.4"," 8","948.4","24","  6.8","24","  3.6","24"," 11.7","999.9","  83.8"," ","  73.4","*"," 0.04","G","999.9","010000"
"56294099999","2003-07-17","30.578528","103.947086","495.3","SHUANGLIU, CH","  82.7","24","  72.5","24","1004.6"," 8","948.0","24","  6.6","24","  3.2","24","  5.8","999.9","  93.6"," ","  71.6","*"," 0.03","D","999.9","000000"
"56294099999","2003-07-18","30.578528","103.947086","495.3","SHUANGLIU, CH","  82.5","24","  73.7","24","1001.8"," 8","945.5","24","  6.8","24","  4.2","24","  7.8","999.9","  92.3"," ","  73.4","*"," 0.01","G","999.9","010000"
"56294099999","2003-07-19","30.578528","103.947086","495.3","SHUANGLIU, CH","  81.8","24","  72.0","24","1002.1"," 8","945.7","24","  7.2","24","  2.9","24","  5.8","999.9","  91.2"," ","  73.4","*"," 0.00","C","999.9","000000"
"56294099999","2003-07-20","30.578528","103.947086","495.3","SHUANGLIU, CH","  79.1","24","  72.7","24","1003.5"," 8","946.9","24","  4.9","24","  3.1","24","  5.8","999.9","  86.5"," ","  71.6","*"," 0.00","D","999.9","000000"
"56294099999","2003-07-21","30.578528","103.947086","495.3","SHUANGLIU, CH","  82.3","24","  73.7","24","1004.3"," 8","948.0","24","  5.2","24","  3.4","24","  7.8","999.9","  91.4","*","  71.6","*"," 0.00","D","999.9","000010"
"56294099999","2003-07-22","30.578528","103.947086","495.3","SHUANGLIU, CH","  81.4","23","  70.6","23","1005.7"," 8","949.4","23","  6.5","23","  4.2","23","  7.8","999.9","  93.2","*","  73.4","*"," 0.00","D","999.9","010000"
"56294099999","2003-07-23","30.578528","103.947086","495.3","SHUANGLIU, CH","  80.1","24","  71.5","24","1005.5"," 8","948.7","24","  7.1","24","  2.9","24","  5.8","999.9","  87.8","*","  73.4","*"," 0.00","G","999.9","010000"
"56294099999","2003-07-24","30.578528","103.947086","495.3","SHUANGLIU, CH","  82.5","24","  74.7","24","1003.2"," 8","946.6","24","  4.5","24","  2.6","24","  5.8","999.9","  91.2"," ","  74.5"," "," 0.00","G","999.9","000000"
"56294099999","2003-07-25","30.578528","103.947086","495.3","SHUANGLIU, CH","  80.7","24","  74.9","24","1004.0"," 8","947.6","24","  4.8","24","  3.2","24","  7.8","999.9","  87.8"," ","  75.2","*"," 0.16","G","999.9","010010"
"56294099999","2003-07-26","30.578528","103.947086","495.3","SHUANGLIU, CH","  79.6","22","  74.8","22","1004.8"," 8","947.9","22","  5.6","22","  2.8","22","  5.8","999.9","  86.2"," ","  75.2","*"," 0.02","G","999.9","010000"
"56294099999","2003-07-27","30.578528","103.947086","495.3","SHUANGLIU, CH","  80.3","24","  75.6","24","1003.4"," 8","946.8","24","  4.1","24","  3.6","24","  9.7","999.9","  87.8","*","  76.6"," "," 0.19","G","999.9","010010"
"56294099999","2003-07-28","30.578528","103.947086","495.3","SHUANGLIU, CH","  79.9","24","  76.4","24","1003.8"," 8","947.1","24","  3.4","24","  1.7","24","  3.9","999.9","  86.4"," ","  75.2","*"," 0.35","G","999.9","010000"
"56294099999","2003-07-29","30.578528","103.947086","495.3","SHUANGLIU, CH","  82.2","24","  76.7","24","1001.5"," 8","944.8","24","  4.2","24","  2.6","24","  7.8","999.9","  92.7"," ","  76.3"," "," 0.09","G","999.9","010010"
"56294099999","2003-07-30","30.578528","103.947086","495.3","SHUANGLIU, CH","  83.9","23","  77.8","23"," 999.0"," 8","942.6","23","  5.3","21","  2.9","23","  5.8","999.9","  93.2","*","  77.0"," "," 0.05","G","999.9","010010"
"56294099999","2003-07-31","30.578528","103.947086","495.3","SHUANGLIU, CH","  85.7","24","  78.7","24"," 998.0"," 8","942.1","24","  6.0","22","  2.9","24","  5.8","999.9","  96.3"," ","  78.3"," "," 0.95","G","999.9","010010"
"56294099999","2003-08-01","30.578528","103.947086","495.3","SHUANGLIU, CH","  82.3","24","  74.7","24","1000.4"," 8","944.4","24","  6.3","23","  7.1","24"," 15.5","999.9","  91.4","*","  73.4","*"," 1.68","G","999.9","010010"
"56294099999","2003-08-02","30.578528","103.947086","495.3","SHUANGLIU, CH","  81.9","23","  74.3","23","1004.4"," 8","947.8","23","  8.1","23","  4.2","23","  9.7","999.9","  88.7"," ","  74.1"," "," 0.28","G","999.9","010010"
"56294099999","2003-08-03","30.578528","103.947086","495.3","SHUANGLIU, CH","  78.6","24","  71.4","24","1006.8"," 8","950.0","24","  6.9","24","  3.6","24"," 11.7","999.9","  84.7"," ","  73.4","*"," 0.00","G","999.9","000000"
"56294099999","2003-08-04","30.578528","103.947086","495.3","SHUANGLIU, CH","  82.9","24","  74.7","24","1003.4"," 8","946.7","24","  5.4","24","  2.6","24","  5.8","999.9","  89.8"," ","  73.6"," "," 0.00","D","999.9","010000"
"56294099999","2003-08-05","30.578528","103.947086","495.3","SHUANGLIU, CH","  80.8","24","  77.3","24","1001.7"," 8","945.3","24","  2.9","24","  2.3","24","  5.8","999.9","  86.5"," ","  77.0","*"," 0.37","G","999.9","010000"
"56294099999","2003-08-06","30.578528","103.947086","495.3","SHUANGLIU, CH","  77.8","23","  74.9","23","1002.5"," 8","945.7","23","  3.9","23","  2.4","23"," 13.6","999.9","  84.6"," ","  71.6","*"," 1.29","G","999.9","010010"
"56294099999","2003-08-07","30.578528","103.947086","495.3","SHUANGLIU, CH","  84.4","22","  77.9","22","1001.4"," 7","944.9","22","  4.4","21","  1.9","22","  5.8","999.9","  93.7"," ","  77.0","*"," 0.00","C","999.9","000000"
"56294099999","2003-08-08","30.578528","103.947086","495.3","SHUANGLIU, CH","  81.8","24","  76.7","24"," 999.9"," 8","943.5","24","  4.5","24","  5.5","24"," 11.7","999.9","  87.6"," ","  75.2","*"," 0.00","D","999.9","010010"
"56294099999","2003-08-09","30.578528","103.947086","495.3","SHUANGLIU, CH","  73.6","24","  71.6","24","1002.1"," 7","945.2","23","  4.6","24","  6.1","24"," 15.5","999.9","  79.9"," ","  69.8","*"," 0.00","G","999.9","010010"
"56294099999","2003-08-10","30.578528","103.947086","495.3","SHUANGLIU, CH","  72.0","24","  69.0","24","1008.5"," 8","950.8","24","  5.7","24","  4.0","24","  9.7","999.9","  75.6"," ","  69.8"," "," 0.83","G","999.9","010000"
"56294099999","2003-08-11","30.578528","103.947086","495.3","SHUANGLIU, CH","  73.7","24","  65.5","24","1011.4"," 8","953.4","24","  6.6","24","  3.1","24","  5.8","999.9","  81.0"," ","  68.0","*"," 0.43","G","999.9","000000"
"56294099999","2003-08-12","30.578528","103.947086","495.3","SHUANGLIU, CH","  72.1","23","  65.7","23","1011.6"," 8","953.4","23","  5.8","23","  2.6","22","  3.9","999.9","  75.6"," ","  68.0","*"," 0.00","G","999.9","010000"
"56294099999","2003-08-13","30.578528","103.947086","495.3","SHUANGLIU, CH","  71.7","23","  66.6","23","1009.8"," 8","951.8","23","  4.9","23","  2.4","23","  5.8","999.9","  77.0"," ","  68.0","*"," 0.00","G","999.9","010000"
"56294099999","2003-08-14","30.578528","103.947086","495.3","SHUANGLIU, CH","  72.2","24","  66.7","24","1007.4"," 8","950.0","24","  4.8","24","  2.5","24","  3.9","999.9","  78.3"," ","  68.0","*"," 0.32","G","999.9","010000"
"56294099999","2003-08-15","30.578528","103.947086","495.3","SHUANGLIU, CH","  73.1","21","  67.9","21","1011.9"," 7","954.1","20","  5.9","21","  2.3","21","  3.9","999.9","  82.8"," ","  66.2","*"," 0.06","G","999.9","010000"
"56294099999","2003-08-16","30.578528","103.947086","495.3","SHUANGLIU, CH","  75.0","24","  67.6","24","1012.6"," 8","954.9","24","  5.2","24","  2.5","24","  3.9","999.9","  82.4","*","  66.9"," "," 0.06","G","999.9","010000"
"56294099999","2003-08-17","30.578528","103.947086","495.3","SHUANGLIU, CH","  74.4","23","  67.7","23","1013.8"," 8","955.9","23","  5.3","23","  3.0","23","  5.8","999.9","  82.8"," ","  68.0","*"," 0.00","G","999.9","010000"
"56294099999","2003-08-18","30.578528","103.947086","495.3","SHUANGLIU, CH","  75.7","23","  69.0","23","1010.4"," 7","952.4","23","  5.8","23","  3.0","23","  5.8","999.9","  84.7"," ","  68.9"," "," 0.01","G","999.9","000000"
"56294099999","2003-08-19","30.578528","103.947086","495.3","SHUANGLIU, CH","  77.2","24","  71.1","23","1005.6"," 8","948.3","24","  4.9","24","  2.5","24","  5.8","999.9","  86.0","*","  69.8","*"," 0.09","G","999.9","010000"
"56294099999","2003-08-20","30.578528","103.947086","495.3","SHUANGLIU, CH","  73.4","24","  71.1","24","1004.7"," 7","947.2","24","  3.2","24","  3.6","24","  5.8","999.9","  77.4"," ","  70.3"," "," 2.79","G","999.9","010010"
"56294099999","2003-08-21","30.578528","103.947086","495.3","SHUANGLIU, CH","  75.0","24","  73.4","24","1005.4"," 8","948.3","24","  2.4","24","  2.4","24","  5.8","999.9","  78.8","*","  71.6"," "," 1.43","G","999.9","010000"
"56294099999","2003-08-22","30.578528","103.947086","495.3","SHUANGLIU, CH","  80.9","24","  75.9","24","1006.5"," 8","950.4","24","  4.8","24","  3.2","24","  5.8","999.9","  88.3"," ","  73.6"," "," 0.22","G","999.9","010000"
"56294099999","2003-08-23","30.578528","103.947086","495.3","SHUANGLIU, CH","  80.8","24","  75.3","24","1006.9"," 8","950.0","24","  4.0","24","  3.3","24","  5.8","999.9","  89.6","*","  71.6","*"," 0.01","G","999.9","010010"
"56294099999","2003-08-24","30.578528","103.947086","495.3","SHUANGLIU, CH","  82.1","24","  75.5","24","1004.9"," 8","948.4","24","  4.3","22","  2.4","24","  5.8","999.9","  91.8"," ","  73.4"," "," 0.24","G","999.9","010010"
"56294099999","2003-08-25","30.578528","103.947086","495.3","SHUANGLIU, CH","  82.2","24","  76.0","24","1002.5"," 8","945.8","24","  5.9","24","  2.7","24","  7.8","999.9","  91.9"," ","  71.6","*"," 0.21","G","999.9","010010"
"56294099999","2003-08-26","30.578528","103.947086","495.3","SHUANGLIU, CH","  80.2","24","  74.7","24","1003.7"," 8","947.3","24","  4.2","24","  4.0","24","  7.8","999.9","  86.2"," ","  73.4","*"," 0.19","G","999.9","000000"
"56294099999","2003-08-27","30.578528","103.947086","495.3","SHUANGLIU, CH","  83.0","24","  75.1","24","1003.4"," 8","946.9","24","  5.4","23","  2.3","24","  5.8"," 25.3","  93.2","*","  75.2","*"," 0.00","G","999.9","010010"
"56294099999","2003-08-28","30.578528","103.947086","495.3","SHUANGLIU, CH","  79.8","22","  75.7","22","1002.0"," 8","945.4","22","  4.6","22","  4.6","22","  9.7","999.9","  90.5"," ","  73.4","*"," 0.32","G","999.9","010010"
"56294099999","2003-08-29","30.578528","103.947086","495.3","SHUANGLIU, CH","  74.3","23","  71.5","23","1004.3"," 7","947.0","23","  6.2","23","  9.5","23"," 15.5","999.9","  80.6","*","  68.0","*"," 1.04","G","999.9","010010"
"56294099999","2003-08-30","30.578528","103.947086","495.3","SHUANGLIU, CH","  72.0","24","  68.9","24","1007.3"," 8","949.8","24","  6.3","24","  3.4","24","  5.8","999.9","  78.4"," ","  68.5"," "," 0.63","G","999.9","010000"
"56294099999","2003-08-31","30.578528","103.947086","495.3","SHUANGLIU, CH","  71.3","22","  66.7","22","1007.9"," 8","949.9","22","  7.3","22","  5.3","22"," 15.5","999.9","  75.6"," ","  66.2","*"," 0.01","G","999.9","010000"
"56294099999","2003-09-01","30.578528","103.947086","495.3","SHUANGLIU, CH","  70.4","24","  65.0","24","1014.2"," 8","955.4","24","  7.2","24","  3.1","24","  5.8","999.9","  77.4"," ","  65.8"," "," 0.15","G","999.9","010000"
"56294099999","2003-09-02","30.578528","103.947086","495.3","SHUANGLIU, CH","  73.5","24","  66.4","24","1014.6"," 8","956.3","24","  5.1","24","  1.3","24","  3.9","999.9","  80.6"," ","  66.2","*"," 0.07","G","999.9","000000"
"56294099999","2003-09-03","30.578528","103.947086","495.3","SHUANGLIU, CH","  74.9","22","  66.9","22","1013.2"," 8","955.1","22","  5.9","21","  2.6","22","  5.8","999.9","  84.2","*","  66.2"," "," 0.00","G","999.9","010000"
"56294099999","2003-09-04","30.578528","103.947086","495.3","SHUANGLIU, CH","  75.5","24","  68.3","24","1012.8"," 8","954.7","24","  5.0","23","  2.7","24","  5.8","999.9","  82.4","*","  69.8"," "," 0.00","G","999.9","010000"
"56294099999","2003-09-05","30.578528","103.947086","495.3","SHUANGLIU, CH","  73.6","24","  67.6","24","1010.7"," 8","952.7","24","  3.3","23","  5.6","24","  9.7","999.9","  82.4","*","  66.2","*"," 0.46","G","999.9","010000"
"56294099999","2003-09-06","30.578528","103.947086","495.3","SHUANGLIU, CH","  69.3","23","  65.1","23","1011.9"," 8","953.6","23","  6.9","23","  3.0","23","  5.8","999.9","  73.4","*","  65.5"," "," 0.14","G","999.9","010000"
"56294099999","2003-09-07","30.578528","103.947086","495.3","SHUANGLIU, CH","  72.0","24","  65.5","24","1013.4"," 8","954.9","24","  7.0","24","  2.6","24","  5.8","999.9","  79.2"," ","  65.7"," "," 0.00","G","999.9","010000"
"56294099999","2003-09-08","30.578528","103.947086","495.3","SHUANGLIU, CH","  71.0","24","  65.8","24","1016.2"," 8","957.7","24","  5.0","24","  4.3","24","  7.8","999.9","  79.0"," ","  67.1"," "," 0.10","G","999.9","010000"
"56294099999","2003-09-09","30.578528","103.947086","495.3","SHUANGLIU, CH","  69.5","21","  60.1","21","1017.3"," 7","958.5","21","  7.0","21","  4.4","21","  9.7","999.9","  78.8","*","  60.8","*"," 0.00","G","999.9","010000"
"56294099999","2003-09-10","30.578528","103.947086","495.3","SHUANGLIU, CH","  70.3","24","  62.6","24","1014.7"," 8","955.8","24","  5.5","24","  2.5","24","  5.8","999.9","  79.9"," ","  59.9"," "," 0.00","D","999.9","000000"
"56294099999","2003-09-11","30.578528","103.947086","495.3","SHUANGLIU, CH","  73.5","24","  65.6","24","1011.6"," 8","953.2","24","  4.3","24","  2.3","24","  3.9","999.9","  80.6","*","  62.6"," "," 0.00","G","999.9","010000"
"56294099999","2003-09-12","30.578528","103.947086","495.3","SHUANGLIU, CH","  72.1","22","  66.2","22","1012.2"," 7","954.2","22","  3.3","22","  2.6","22","  5.8","999.9","  78.8","*","  66.2","*"," 0.00","G","999.9","010000"
"56294099999","2003-09-13","30.578528","103.947086","495.3","SHUANGLIU, CH","  74.0","24","  64.6","24","1012.7"," 8","954.5","23","  4.8","24","  3.6","24","  7.8","999.9","  86.0","*","  64.4","*"," 0.00","D","999.9","100000"
"56294099999","2003-09-14","30.578528","103.947086","495.3","SHUANGLIU, CH","  74.8","23","  66.3","23","1012.1"," 8","953.8","23","  3.5","23","  1.9","23","  3.9","999.9","  82.6"," ","  65.1"," "," 0.00","G","999.9","010000"
"56294099999","2003-09-15","30.578528","103.947086","495.3","SHUANGLIU, CH","  75.2","24","  69.0","24","1010.8"," 8","952.7","24","  1.6","24","  0.9","23","  3.9","999.9","  80.6","*","  69.1"," "," 0.00","G","999.9","100000"
"56294099999","2003-09-16","30.578528","103.947086","495.3","SHUANGLIU, CH","  74.4","24","  69.7","24","1008.0"," 8","950.3","24","  1.1","24","  2.2","24","  5.8","999.9","  78.8","*","  71.4"," "," 0.00","G","999.9","110000"
"56294099999","2003-09-17","30.578528","103.947086","495.3","SHUANGLIU, CH","  76.5","24","  70.4","24","1008.7"," 7","951.0","24","  2.0","24","  3.9","24","  7.8","999.9","  80.6","*","  71.2"," "," 0.00","G","999.9","110000"
"56294099999","2003-09-18","30.578528","103.947086","495.3","SHUANGLIU, CH","  72.6","24","  67.7","24","1009.9"," 8","952.0","24","  5.4","24","  3.5","24","  5.8","999.9","  75.4"," ","  69.8","*"," 0.02","G","999.9","010000"
"56294099999","2003-09-19","30.578528","103.947086","495.3","SHUANGLIU, CH","  69.2","24","  64.4","24","1014.3"," 7","956.3","24","  6.1","24","  3.1","24","  5.8","999.9","  72.9"," ","  67.5","*"," 0.04","G","999.9","010000"
"56294099999","2003-09-20","30.578528","103.947086","495.3","SHUANGLIU, CH","  70.7","22","  63.7","22","1019.0"," 7","960.3","22","  5.3","21","  2.6","22","  5.8","999.9","  77.0","*","  65.8"," "," 0.02","G","999.9","010000"
"56294099999","2003-09-21","30.578528","103.947086","495.3","SHUANGLIU, CH","  72.9","20","  62.2","20","1016.8"," 7","958.5","20","  6.6","20","  3.0","20","  5.8","999.9","  84.2","*","  64.4","*"," 0.00","G","999.9","000000"
"56294099999","2003-09-22","30.578528","103.947086","495.3","SHUANGLIU, CH","  74.1","23","  63.1","23","1014.7"," 8","956.2","23","  5.4","23","  2.4","23","  7.8","999.9","  84.2","*","  65.5"," "," 0.00","D","999.9","000000"
"56294099999","2003-09-23","30.578528","103.947086","495.3","SHUANGLIU, CH","  74.8","24","  65.4","24","1013.4"," 8","955.1","24","  3.9","24","  1.9","24","  3.9","999.9","  84.2","*","  65.5"," "," 0.00","D","999.9","100000"
"56294099999","2003-09-24","30.578528","103.947086","495.3","SHUANGLIU, CH","  76.0","21","  67.7","21","1012.3"," 7","954.3","21","  2.4","21","  2.1","21","  3.9","999.9","  82.4","*","  67.5"," "," 0.00","G","999.9","110000"
"56294099999","2003-09-25","30.578528","103.947086","495.3","SHUANGLIU, CH","  77.0","23","  67.5","23","1009.2"," 8","951.7","23","  3.9","23","  2.6","23","  5.8","999.9","  83.7"," ","  71.6"," "," 0.00","G","999.9","000000"
"56294099999","2003-09-26","30.578528","103.947086","495.3","SHUANGLIU, CH","  75.4","24","  67.8","24","1008.6"," 8","950.8","24","  3.2","24","  2.2","24","  3.9","999.9","  78.8","*","  69.8","*"," 0.00","G","999.9","010000"
"56294099999","2003-09-27","30.578528","103.947086","495.3","SHUANGLIU, CH","  71.5","24","  66.3","24","1007.8"," 8","949.8","24","  2.9","24","  3.0","24","  7.8","999.9","  75.7"," ","  68.0","*"," 0.01","G","999.9","110000"
"56294099999","2003-09-28","30.578528","103.947086","495.3","SHUANGLIU, CH","  69.9","24","  66.0","24","1009.6"," 8","951.4","24","  3.5","24","  3.4","24","  5.8","999.9","  72.9"," ","  67.6"," "," 0.03","G","999.9","010000"
"56294099999","2003-09-29","30.578528","103.947086","495.3","SHUANGLIU, CH","  67.8","24","  66.4","24","1011.4"," 8","952.7","24","  1.7","24","  5.1","23","  9.7","999.9","  69.8"," ","  66.0","*"," 0.18","G","999.9","110000"
"56294099999","2003-09-30","30.578528","103.947086","495.3","SHUANGLIU, CH","  63.8","23","  59.1","23","1011.8"," 8","952.9","23","  5.5","23","  7.4","23"," 11.7","999.9","  67.8"," ","  59.0","*"," 0.04","G","999.9","010000"
"56294099999","2003-10-01","30.578528","103.947086","495.3","SHUANGLIU, CH","  62.1","23","  56.3","23","1017.7"," 8","958.3","23","  7.6","23","  2.0","23","  3.9","999.9","  65.7"," ","  58.6"," "," 0.02","G","999.9","010000"
"56294099999","2003-10-02","30.578528","103.947086","495.3","SHUANGLIU, CH","  60.9","23","  55.0","23","1023.9"," 8","964.1","23","  5.1","23","  2.7","23","  5.8","999.9","  64.4","*","  58.5","*"," 0.00","G","999.9","010000"
"56294099999","2003-10-03","30.578528","103.947086","495.3","SHUANGLIU, CH","  60.5","24","  53.6","24","1025.8"," 8","965.6","24","  4.6","24","  2.6","24","  3.9","999.9","  64.9"," ","  57.0","*"," 0.39","G","999.9","010000"
"56294099999","2003-10-04","30.578528","103.947086","495.3","SHUANGLIU, CH","  58.9","24","  54.4","24","1025.9"," 8","965.3","24","  5.3","24","  1.6","24","  5.8","999.9","  62.6","*","  56.5"," "," 0.18","G","999.9","010000"
"56294099999","2003-10-05","30.578528","103.947086","495.3","SHUANGLIU, CH","  62.8","24","  56.6","24","1023.7"," 8","963.4","24","  4.7","24","  2.1","24","  5.8","999.9","  70.0"," ","  56.8"," "," 0.04","G","999.9","010000"
"56294099999","2003-10-06","30.578528","103.947086","495.3","SHUANGLIU, CH","  65.3","23","  56.0","23","1020.2"," 8","960.5","23","  5.6","23","  2.3","23","  5.8","999.9","  72.9"," ","  57.4"," "," 0.00","D","999.9","000000"
"56294099999","2003-10-07","30.578528","103.947086","495.3","SHUANGLIU, CH","  66.3","24","  58.5","24","1014.5"," 8","955.3","24","  4.7","22","  2.4","24","  5.8","999.9","  71.6","*","  59.4"," "," 0.00","D","999.9","010000"
"56294099999","2003-10-08","30.578528","103.947086","495.3","SHUANGLIU, CH","  66.8","24","  60.6","24","1011.5"," 8","952.7","24","  2.1","24","  2.3","24","  5.8","999.9","  69.8"," ","  62.8"," "," 0.00","D","999.9","000000"
"56294099999","2003-10-09","30.578528","103.947086","495.3","SHUANGLIU, CH","  68.9","22","  61.0","22","1011.2"," 8","952.4","22","  3.3","20","  2.8","22","  5.8","999.9","  75.2"," ","  64.2"," "," 0.00","D","999.9","000000"
"56294099999","2003-10-10","30.578528","103.947086","495.3","SHUANGLIU, CH","  67.5","24","  62.7","24","1006.5"," 8","947.8","24","  3.3","24","  2.0","24","  3.9","999.9","  71.6","*","  64.4"," "," 0.00","G","999.9","010000"
"56294099999","2003-10-11","30.578528","103.947086","495.3","SHUANGLIU, CH","  68.4","24","  58.4","24","1010.0"," 8","951.8","24","  6.0","23","  2.0","24","  3.9","999.9","  74.7"," ","  62.6","*"," 0.00","G","999.9","000000"
"56294099999","2003-10-12","30.578528","103.947086","495.3","SHUANGLIU, CH","  64.7","24","  50.4","24","1017.8"," 8","958.8","24","  7.6","24","  3.2","24","  5.8","999.9","  70.0"," ","  60.6","*"," 0.00","D","999.9","000000"
"56294099999","2003-10-13","30.578528","103.947086","495.3","SHUANGLIU, CH","  63.3","24","  51.0","24","1026.2"," 8","966.6","24","  6.9","24","  2.9","24","  5.8","999.9","  68.0"," ","  58.1"," "," 0.00","D","999.9","000000"
"56294099999","2003-10-14","30.578528","103.947086","495.3","SHUANGLIU, CH","  62.5","23","  48.8","23","1028.7"," 8","968.7","23","  6.6","23","  3.1","23","  7.8","999.9","  68.0","*","  58.8","*"," 0.00","D","999.9","010000"
"56294099999","2003-10-15","30.578528","103.947086","495.3","SHUANGLIU, CH","  61.7","23","  52.2","23","1026.8"," 8","966.7","23","  4.7","21","  2.6","23","  5.8","999.9","  68.0","*","  55.4","*"," 0.01","G","999.9","010000"
"56294099999","2003-10-16","30.578528","103.947086","495.3","SHUANGLIU, CH","  65.1","23","  54.6","23","1023.2"," 8","963.3","23","  5.0","20","  2.7","23","  5.8","999.9","  73.4","*","  53.8"," "," 0.00","G","999.9","000000"
"56294099999","2003-10-17","30.578528","103.947086","495.3","SHUANGLIU, CH","  64.6","24","  57.5","24","1022.0"," 8","962.4","24","  2.6","24","  2.2","24","  5.8","999.9","  69.8","*","  60.3"," "," 0.00","D","999.9","000000"
"56294099999","2003-10-18","30.578528","103.947086","495.3","SHUANGLIU, CH","  62.0","24","  58.8","24","1021.8"," 8","961.9","24","  1.6","24","  2.1","24","  5.8","999.9","  64.4"," ","  59.0","*"," 0.09","G","999.9","110000"
"56294099999","2003-10-19","30.578528","103.947086","495.3","SHUANGLIU, CH","  58.8","24","  56.0","24","1024.6"," 8","964.5","24","  3.2","24","  3.7","24"," 11.7","999.9","  62.6","*","  55.4","*"," 0.12","G","999.9","110000"
"56294099999","2003-10-20","30.578528","103.947086","495.3","SHUANGLIU, CH","  63.5","24","  51.8","24","1021.6"," 8","961.7","24","  5.7","24","  2.8","24","  5.8","999.9","  72.0"," ","  55.9"," "," 0.00","D","999.9","000000"
"56294099999","2003-10-21","30.578528","103.947086","495.3","SHUANGLIU, CH","  64.8","24","  54.7","24","1021.9"," 8","962.2","24","  5.4","24","  1.9","24","  3.9","999.9","  71.6"," ","  57.9"," "," 0.02","G","999.9","010000"
"56294099999","2003-10-22","30.578528","103.947086","495.3","SHUANGLIU, CH","  63.0","22","  53.1","22","1024.4"," 7","964.4","22","  4.8","21","  3.4","22","  5.8","999.9","  69.8","*","  57.2","*"," 0.03","G","999.9","110000"
"56294099999","2003-10-23","30.578528","103.947086","495.3","SHUANGLIU, CH","  60.6","24","  53.8","24","1022.4"," 8","962.4","24","  3.5","23","  2.0","24","  3.9","999.9","  68.0","*","  53.6","*"," 0.00","G","999.9","000000"
"56294099999","2003-10-24","30.578528","103.947086","495.3","SHUANGLIU, CH","  64.3","24","  55.5","24","1020.3"," 8","960.5","24","  3.1","22","  1.9","24","  5.8","999.9","  71.6","*","  53.4"," "," 0.00","D","999.9","100000"
"56294099999","2003-10-25","30.578528","103.947086","495.3","SHUANGLIU, CH","  65.3","24","  57.5","24","1021.8"," 8","962.1","24","  2.8","24","  2.5","24","  3.9","999.9","  73.4","*","  60.3"," "," 0.00","D","999.9","000000"
"56294099999","2003-10-26","30.578528","103.947086","495.3","SHUANGLIU, CH","  62.5","24","  56.5","24","1020.0"," 8","960.5","24","  4.2","23","  2.9","24","  7.8","999.9","  71.6","*","  55.2","*"," 0.00","D","999.9","000000"
"56294099999","2003-10-27","30.578528","103.947086","495.3","SHUANGLIU, CH","  66.2","24","  57.6","24","1023.6"," 8","963.9","24","  3.7","21","  2.7","24","  5.8","999.9","  74.1"," ","  55.0"," "," 0.00","D","999.9","000000"
"56294099999","2003-10-28","30.578528","103.947086","495.3","SHUANGLIU, CH","  64.2","24","  58.7","24","1022.8"," 8","963.3","24","  2.2","24","  3.3","24","  5.8","999.9","  68.7"," ","  59.0","*"," 0.00","G","999.9","110000"
"56294099999","2003-10-29","30.578528","103.947086","495.3","SHUANGLIU, CH","  62.9","23","  56.1","23","1024.1"," 7","964.6","23","  3.9","22","  1.0","23","  3.9","999.9","  71.6","*","  53.6","*"," 0.00","G","999.9","000000"
"56294099999","2003-10-30","30.578528","103.947086","495.3","SHUANGLIU, CH","  64.7","24","  55.4","24","1019.6"," 7","959.5","23","  4.5","23","  1.8","24","  5.8","999.9","  78.8","*","  54.7"," "," 0.00","D","999.9","000000"
"56294099999","2003-10-31","30.578528","103.947086","495.3","SHUANGLIU, CH","  64.3","22","  59.1","21","1015.9"," 8","956.1","22","  2.5","22","  3.1","22","  5.8","999.9","  73.4","*","  55.6"," "," 0.00","D","999.9","100000"
"56294099999","2003-11-01","30.578528","103.947086","495.3","SHUANGLIU, CH","  63.3","24","  57.1","24","1014.0"," 8","954.7","24","  1.8","24","  1.9","24","  5.8","999.9","  71.6","*","  57.2","*"," 0.00","D","999.9","100000"
"56294099999","2003-11-02","30.578528","103.947086","495.3","SHUANGLIU, CH","  66.4","23","  58.7","23","1019.4"," 8","960.2","23","  2.9","23","  1.8","23","  3.9","999.9","  76.5"," ","  56.7"," "," 0.00","D","999.9","100000"
"56294099999","2003-11-03","30.578528","103.947086","495.3","SHUANGLIU, CH","  65.6","22","  58.4","22","1016.0"," 8","956.4","22","  2.8","22","  3.6","22","  7.8","999.9","  71.6","*","  62.1"," "," 0.00","D","999.9","110000"
"56294099999","2003-11-04","30.578528","103.947086","495.3","SHUANGLIU, CH","  66.6","24","  59.8","24","1013.0"," 7","954.0","24","  3.3","24","  3.1","24","  5.8","999.9","  71.6","*","  62.6"," "," 0.00","D","999.9","000000"
"56294099999","2003-11-05","30.578528","103.947086","495.3","SHUANGLIU, CH","  63.9","22","  58.7","22","1010.5"," 8","951.4","22","  2.9","22","  3.4","22","  5.8","999.9","  68.0","*","  62.2","*"," 0.00","G","999.9","010000"
"56294099999","2003-11-06","30.578528","103.947086","495.3","SHUANGLIU, CH","  64.6","24","  58.3","24","1006.6"," 8","947.9","24","  2.9","24","  3.3","24","  9.7","999.9","  68.4"," ","  61.9"," "," 0.00","G","999.9","000000"
"56294099999","2003-11-07","30.578528","103.947086","495.3","SHUANGLIU, CH","  56.8","23","  44.2","23","1015.7"," 8","956.3","23","  7.5","23","  5.0","23","  9.7","999.9","  65.5"," ","  50.0","*"," 0.00","G","999.9","010000"
"56294099999","2003-11-08","30.578528","103.947086","495.3","SHUANGLIU, CH","  51.3","24","  40.4","24","1021.0"," 8","960.2","24","  7.7","24","  4.4","24","  7.8","999.9","  55.4","*","  46.4","*"," 0.00","G","999.9","010000"
"56294099999","2003-11-09","30.578528","103.947086","495.3","SHUANGLIU, CH","  48.6","23","  41.0","23","1026.5"," 8","965.5","23","  6.7","23","  5.0","23","  9.7","999.9","  51.8","*","  44.6","*"," 0.11","G","999.9","010000"
"56294099999","2003-11-10","30.578528","103.947086","495.3","SHUANGLIU, CH","  50.3","23","  42.3","23","1030.0"," 8","968.2","23","  5.6","23","  1.3","23","  3.9","999.9","  53.6","*","  45.5"," "," 0.02","G","999.9","010000"
"56294099999","2003-11-11","30.578528","103.947086","495.3","SHUANGLIU, CH","  50.2","24","  43.9","24","1034.1"," 8","972.2","24","  3.7","23","  2.4","24","  7.8","999.9","  55.4","*","  44.6","*"," 0.00","G","999.9","000000"
"56294099999","2003-11-12","30.578528","103.947086","495.3","SHUANGLIU, CH","  51.2","23","  44.5","23","1028.1"," 8","966.2","23","  3.3","23","  2.5","23","  3.9","999.9","  54.3"," ","  44.2"," "," 0.00","D","999.9","000000"
"56294099999","2003-11-13","30.578528","103.947086","495.3","SHUANGLIU, CH","  51.3","24","  45.6","24","1022.8"," 8","961.4","24","  1.6","24","  0.8","24","  1.9","999.9","  55.4","*","  45.9","*"," 0.00","D","999.9","000000"
"56294099999","2003-11-14","30.578528","103.947086","495.3","SHUANGLIU, CH","  52.5","24","  46.6","24","1023.8"," 7","963.2","24","  1.3","24","  2.0","24","  5.8","999.9","  59.0","*","  44.6","*"," 0.00","D","999.9","100000"
"56294099999","2003-11-15","30.578528","103.947086","495.3","SHUANGLIU, CH","  56.7","24","  48.4","24","1022.6"," 8","961.9","24","  3.6","23","  3.1","24","  5.8","999.9","  64.4","*","  45.1"," "," 0.00","D","999.9","100000"
"56294099999","2003-11-16","30.578528","103.947086","495.3","SHUANGLIU, CH","  55.4","23","  49.9","23","1020.6"," 8","959.9","23","  3.0","23","  1.7","23","  3.9","999.9","  59.0","*","  52.9"," "," 0.00","D","999.9","000000"
"56294099999","2003-11-17","30.578528","103.947086","495.3","SHUANGLIU, CH","  56.7","24","  49.7","24","1016.3"," 7","955.7","24","  2.0","24","  1.9","23","  3.9","999.9","  62.6","*","  51.8","*"," 0.00","C","999.9","100000"
"56294099999","2003-11-18","30.578528","103.947086","495.3","SHUANGLIU, CH","  56.7","24","  50.3","24","1014.2"," 8","954.1","24","  3.3","24","  2.8","24","  7.8","999.9","  62.6","*","  51.8","*"," 0.00","D","999.9","000000"
"56294099999","2003-11-19","30.578528","103.947086","495.3","SHUANGLIU, CH","  55.2","24","  50.3","24","1017.0"," 7","957.0"," 4","  2.8","24","  1.5","24","  3.9","999.9","  57.9"," ","  52.3"," "," 0.00","D","999.9","000000"
"56294099999","2003-11-20","30.578528","103.947086","495.3","SHUANGLIU, CH","  58.2","24","  48.7","24","1023.5"," 8","962.8"," 4","  3.7","22","  1.9","24","  5.8","999.9","  64.4"," ","  52.7"," "," 0.00","D","999.9","100000"
"56294099999","2003-11-21","30.578528","103.947086","495.3","SHUANGLIU, CH","  53.4","24","  37.1","24","1028.5"," 8","967.7","24","  6.2","23","  2.7","24","  5.8","999.9","  63.9"," ","  41.0","*"," 0.00","D","999.9","000000"
"56294099999","2003-11-22","30.578528","103.947086","495.3","SHUANGLIU, CH","  53.7","22","  43.2","22","1023.6"," 8","962.5","22","  4.8","21","  2.9","22","  5.8","999.9","  60.8","*","  41.7"," "," 0.00","D","999.9","000000"
"56294099999","2003-11-23","30.578528","103.947086","495.3","SHUANGLIU, CH","  54.3","24","  46.3","24","1024.6"," 8","963.8","24","  4.7","21","  1.9","24","  3.9","999.9","  59.0","*","  51.8","*"," 0.00","D","999.9","000000"
"56294099999","2003-11-24","30.578528","103.947086","495.3","SHUANGLIU, CH","  52.8","24","  47.5","24","1028.1"," 8","967.1","24","  2.3","24","  2.7","24","  5.8","999.9","  55.4","*","  50.0","*"," 0.00","D","999.9","010000"
"56294099999","2003-11-25","30.578528","103.947086","495.3","SHUANGLIU, CH","  51.2","23","  47.7","23","1029.1"," 8","967.8","23","  3.1","23","  3.1","23","  9.7","999.9","  53.6","*","  47.7","*"," 0.12","G","999.9","010000"
"56294099999","2003-11-26","30.578528","103.947086","495.3","SHUANGLIU, CH","  51.5","23","  40.6","23","1030.5"," 7","968.4","23","  6.0","23","  3.5","23"," 11.7","999.9","  59.0","*","  46.0","*"," 0.00","C","999.9","000000"
"56294099999","2003-11-27","30.578528","103.947086","495.3","SHUANGLIU, CH","  51.0","23","  39.6","23","1025.5"," 8","964.5","23","  5.0","22","  2.5","23","  5.8","999.9","  55.4","*","  44.8"," "," 0.00","D","999.9","010000"
"56294099999","2003-11-28","30.578528","103.947086","495.3","SHUANGLIU, CH","  49.1","22","  40.8","22","1030.9"," 8","969.6","21","  4.6","21","  1.7","22","  3.9","999.9","  57.0"," ","  39.2","*"," 0.00","D","999.9","010000"
"56294099999","2003-11-29","30.578528","103.947086","495.3","SHUANGLIU, CH","  50.7","24","  39.4","24","1024.2"," 8","962.5","24","  5.0","23","  1.9","24","  5.8","999.9","  60.8","*","  41.0"," "," 0.00","D","999.9","100000"
"56294099999","2003-11-30","30.578528","103.947086","495.3","SHUANGLIU, CH","  51.3","24","  42.8","24","1021.3"," 8","960.4","24","  3.7","24","  2.9","24","  5.8","999.9","  55.4","*","  44.2"," "," 0.00","D","999.9","000000"
"56294099999","2003-12-01","30.578528","103.947086","495.3","SHUANGLIU, CH","  51.6","21","  44.9","21","1025.8"," 8","964.5","21","  4.4","21","  2.4","21","  5.8","999.9","  55.8"," ","  48.2","*"," 0.00","D","999.9","000000"
"56294099999","2003-12-02","30.578528","103.947086","495.3","SHUANGLIU, CH","  51.6","24","  45.0","24","1024.8"," 8","963.6","24","  2.9","24","  2.0","24","  3.9","999.9","  55.4"," ","  48.2","*"," 0.00","G","999.9","010000"
"56294099999","2003-12-03","30.578528","103.947086","495.3","SHUANGLIU, CH","  49.5","23","  45.3","23","1019.0"," 8","958.0","23","  1.7","23","  2.0","23","  3.9","999.9","  51.8","*","  44.6","*"," 0.01","G","999.9","110000"
"56294099999","2003-12-04","30.578528","103.947086","495.3","SHUANGLIU, CH","  51.1","23","  46.0","23","1020.3"," 8","959.4","23","  3.0","23","  2.3","23","  5.8","999.9","  55.6"," ","  45.7"," "," 0.00","G","999.9","010000"
"56294099999","2003-12-05","30.578528","103.947086","495.3","SHUANGLIU, CH","  52.9","22","  43.0","22","1026.0"," 8","965.0","22","  6.1","22","  2.0","22","  3.9","999.9","  59.2"," ","  44.4"," "," 0.00","G","999.9","010000"
"56294099999","2003-12-06","30.578528","103.947086","495.3","SHUANGLIU, CH","  50.2","23","  41.6","23","1028.9"," 8","967.8","23","  4.5","22","  2.4","23"," 11.7","999.9","  54.3"," ","  46.4","*"," 0.00","G","999.9","010000"
"56294099999","2003-12-07","30.578528","103.947086","495.3","SHUANGLIU, CH","  46.1","24","  42.6","24","1030.9"," 8","969.0","24","  3.0","24","  4.5","24","  7.8","999.9","  49.1"," ","  42.8","*"," 0.18","G","999.9","010000"
"56294099999","2003-12-08","30.578528","103.947086","495.3","SHUANGLIU, CH","  46.2","22","  40.9","22","1030.5"," 8","968.7","22","  4.5","22","  1.5","22","  3.9","999.9","  48.9"," ","  42.8"," "," 0.03","G","999.9","000000"
"56294099999","2003-12-09","30.578528","103.947086","495.3","SHUANGLIU, CH","  44.9","24","  41.8","24","1030.4"," 8","968.3","24","  3.3","24","  2.4","24","  3.9","999.9","  48.2","*","  39.2","*"," 0.00","G","999.9","010000"
"56294099999","2003-12-10","30.578528","103.947086","495.3","SHUANGLIU, CH","  44.5","24","  39.1","24","1031.2"," 8","969.3","23","  3.0","24","  1.4","24","  3.9","999.9","  54.9"," ","  35.6","*"," 0.00","G","999.9","100000"
"56294099999","2003-12-11","30.578528","103.947086","495.3","SHUANGLIU, CH","  47.0","24","  42.6","24","1030.6"," 7","968.6","24","  2.1","24","  2.3","24","  5.8","999.9","  55.4","*","  37.4"," "," 0.02","G","999.9","110000"
"56294099999","2003-12-12","30.578528","103.947086","495.3","SHUANGLIU, CH","  47.2","24","  44.1","24","1030.9"," 8","968.9","24","  1.4","24","  1.1","24","  3.9","999.9","  48.7"," ","  45.5"," "," 0.00","G","999.9","100000"
"56294099999","2003-12-13","30.578528","103.947086","495.3","SHUANGLIU, CH","  47.7","24","  42.9","24","1029.5"," 8","967.6","24","  1.8","24","  2.6","24","  5.8","999.9","  51.8","*","  44.6","*"," 0.00","D","999.9","100000"
"56294099999","2003-12-14","30.578528","103.947086","495.3","SHUANGLIU, CH","  47.5","23","  43.0","23","1028.1"," 8","966.2","23","  1.3","23","  1.2","23","  1.9","999.9","  50.0"," ","  45.1"," "," 0.00","D","999.9","100000"
"56294099999","2003-12-15","30.578528","103.947086","495.3","SHUANGLIU, CH","  47.6","24","  43.4","24","1027.7"," 8","966.1","23","  1.4","24","  2.1","24","  5.8","999.9","  49.1"," ","  46.0"," "," 0.00","D","999.9","100000"
"56294099999","2003-12-16","30.578528","103.947086","495.3","SHUANGLIU, CH","  48.3","23","  43.6","23","1025.5"," 8","963.8","23","  2.0","23","  1.6","22","  3.9","999.9","  51.8","*","  46.2","*"," 0.00","D","999.9","000000"
"56294099999","2003-12-17","30.578528","103.947086","495.3","SHUANGLIU, CH","  45.8","24","  40.6","24","1025.0"," 8","964.0","24","  3.2","24","  3.6","24","  9.7","999.9","  48.7"," ","  42.8","*"," 0.00","G","999.9","110000"
"56294099999","2003-12-18","30.578528","103.947086","495.3","SHUANGLIU, CH","  46.5","21","  37.0","21","1037.7"," 7","975.3","21","  5.9","21","  3.0","21","  5.8","999.9","  53.1"," ","  42.6","*"," 0.00","G","999.9","000000"
"56294099999","2003-12-19","30.578528","103.947086","495.3","SHUANGLIU, CH","  44.2","24","  26.5","24","1037.4"," 8","974.4","24","  5.9","21","  2.6","24","  5.8","999.9","  48.2","*","  41.0","*"," 0.00","D","999.9","000000"
"56294099999","2003-12-20","30.578528","103.947086","495.3","SHUANGLIU, CH","  43.9","22","  32.9","22","1034.0"," 8","971.6","22","  3.6","22","  0.6","22","  1.9","999.9","  46.6"," ","  40.8"," "," 0.00","D","999.9","000000"
"56294099999","2003-12-21","30.578528","103.947086","495.3","SHUANGLIU, CH","  43.9","23","  36.0","23","1031.9"," 8","969.3","23","  3.6","22","  1.3","23","  3.9","999.9","  46.8"," ","  41.0","*"," 0.00","D","999.9","000000"
"56294099999","2003-12-22","30.578528","103.947086","495.3","SHUANGLIU, CH","  48.3","23","  38.5","23","1026.3"," 8","964.1","23","  3.5","21","  1.6","23","  3.9","999.9","  54.7"," ","  38.1"," "," 0.00","D","999.9","000000"
"56294099999","2003-12-23","30.578528","103.947086","495.3","SHUANGLIU, CH","  42.7","22","  38.2","22","1024.5"," 8","962.5","22","  1.4","22","  1.0","22","  5.8","999.9","  50.2"," ","  33.8","*"," 0.00","D","999.9","100000"
"56294099999","2003-12-24","30.578528","103.947086","495.3","SHUANGLIU, CH","  43.1","24","  40.8","24","1026.9"," 8","964.9","24","  0.4","24","  0.9","24","  1.9","999.9","  49.1"," ","  35.2"," "," 0.00","D","999.9","100000"
"56294099999","2003-12-25","30.578528","103.947086","495.3","SHUANGLIU, CH","  44.2","20","  29.1","20","1031.1"," 8","969.1","20","  4.2","19","  2.4","20","  7.8","999.9","  53.6","*","  33.8","*"," 0.00","D","999.9","100000"
"56294099999","2003-12-26","30.578528","103.947086","495.3","SHUANGLIU, CH","  47.1","21","  26.6","21","1030.5"," 8","968.0","20","  5.0","20","  2.6","21","  3.9","999.9","  54.7"," ","  33.8"," "," 0.00","D","999.9","000000"
"56294099999","2003-12-27","30.578528","103.947086","495.3","SHUANGLIU, CH","  44.7","24","  32.1","24","1027.0"," 8","965.0","24","  3.6","24","  2.3","24","  3.9","999.9","  48.2","*","  42.8","*"," 0.00","D","999.9","000000"
"56294099999","2003-12-28","30.578528","103.947086","495.3","SHUANGLIU, CH","  45.8","23","  36.4","23","1029.1"," 8","967.1","23","  3.4","23","  1.3","23","  3.9","999.9","  50.4"," ","  42.4"," "," 0.00","D","999.9","000000"
"56294099999","2003-12-29","30.578528","103.947086","495.3","SHUANGLIU, CH","  44.5","23","  35.0","23","1029.8"," 8","967.8","23","  3.5","21","  2.1","23","  5.8","999.9","  50.0","*","  37.4","*"," 0.00","D","999.9","000000"
"56294099999","2003-12-30","30.578528","103.947086","495.3","SHUANGLIU, CH","  43.7","24","  33.4","24","1029.0"," 8","966.8","24","  4.5","23","  1.1","24","  3.9","999.9","  53.6"," ","  35.6","*"," 0.00","D","999.9","000000"
"56294099999","2003-12-31","30.578528","103.947086","495.3","SHUANGLIU, CH","  40.9","24","  36.2","24","1025.9"," 4","964.1","24","  1.7","24","  2.4","24","  5.8","999.9","  44.6","*","  33.8","*"," 0.00","B","999.9","100000"
